id,shop_name,display_name,brand_name,original_price,sale_price,image_url,rank
1,kurly,덴마크 유산균이야기 (60일분),덴프스,92000.0,29800,https://product-image.kurly.com/hdims/resize/%5E%3E360x%3E468/cropcenter/360x468/quality/85/src/product/image/3bbb89c4-1912-4957-99ce-0ef55c017252.jpeg,1
2,kurly,골드 카무트 브랜드밀효소 (30포),그레인온,35000.0,13900,https://product-image.kurly.com/hdims/resize/%5E%3E360x%3E468/cropcenter/360x468/quality/85/src/product/image/dbcc2d7c-d957-4754-aca6-680006e29676.jpg,2
3,kurly,프로틴 단백질 쉐이크 파우치 11종 (45g x 7개입) (택1),플라이밀,35000.0,22500,https://product-image.kurly.com/hdims/resize/%5E%3E360x%3E468/cropcenter/360x468/quality/85/src/product/image/f8bef40e-abda-4a8b-a971-90202de06e4a.jpg,3
4,kurly,하동 매실원액 2종 (500ml/1000ml),소다미,8200.0,7500,https://product-image.kurly.com/hdims/resize/%5E%3E360x%3E468/cropcenter/360x468/quality/85/src/product/image/1ee2781d-621b-419a-abfd-43baec45e908.jpg,4
5,kurly,프로틴 단백질 쉐이크 630g 11종 (택1),플라이밀,45900.0,27900,https://product-image.kurly.com/hdims/resize/%5E%3E360x%3E468/cropcenter/360x468/quality/85/src/product/image/ac37f6cc-ae9c-4b1c-9c91-97c15d2146e6.jpg,5
6,kurly,락토핏 골드 유산균 (50일분),종근당건강,20900.0,8900,https://product-image.kurly.com/hdims/resize/%5E%3E360x%3E468/cropcenter/360x468/quality/85/src/product/image/a910c051-6bf2-4bf7-886d-94d10c3f71c5.jpg,6
7,kurly,마그네슘 400mg 울트라 다이렉트 (20일분),바이오렉트라,22000.0,18700,https://product-image.kurly.com/hdims/resize/%5E%3E360x%3E468/cropcenter/360x468/quality/85/src/product/image/dbdc3c7e-d3bd-462b-aad5-4f76bcad3047.jpg,7
8,kurly,프로틴 단백질 드링크 7종 (6개입) (택1),더단백,15000.0,10900,https://product-image.kurly.com/hdims/resize/%5E%3E360x%3E468/cropcenter/360x468/quality/85/src/product/image/e967a17e-ecb5-4b6f-bdc7-5d5e0e1ee940.jpg,8
9,kurly,1일 1레몬 유기농 레몬즙 25g 2종 (택1),홀베리,19900.0,10180,https://product-image.kurly.com/hdims/resize/%5E%3E360x%3E468/cropcenter/360x468/quality/85/src/product/image/e06d82e8-fedd-46b2-93a7-7de59829dcda.jpg,9
10,kurly,슬림 유기농 레몬즙100 50포/14포 2종 (택1),올핏,25000.0,6800,https://product-image.kurly.com/hdims/resize/%5E%3E360x%3E468/cropcenter/360x468/quality/85/src/product/image/bd4701ab-ae35-41ba-9bdd-0c20afcc31e9.jpg,10
11,kurly,스페인산 유기농 레몬즙 스틱 100 2종 (택1),메디트리,20000.0,5740,https://product-image.kurly.com/hdims/resize/%5E%3E360x%3E468/cropcenter/360x468/quality/85/src/product/image/ddf1ecc2-2668-4535-9eac-bdadf382f574.jpg,11
12,kurly,잇더핏 프로틴 단백질 쉐이크 파우치 5종,델리스푼,39500.0,25200,https://product-image.kurly.com/hdims/resize/%5E%3E360x%3E468/cropcenter/360x468/quality/85/src/product/image/5d10a210-d269-4ef2-81af-bb47e9711cc2.jpg,12
13,kurly,그린 유기농 컬리케일 100 2종 (택1),Make you Healthy,30000.0,11900,https://product-image.kurly.com/hdims/resize/%5E%3E360x%3E468/cropcenter/360x468/quality/85/src/product/image/0bd1e2b8-d546-4749-ac11-33f80670c67d.jpg,13
14,kurly,엑스트라버진 올리브오일 28캡슐 2종 (택1),Make you Healthy,30000.0,13900,https://product-image.kurly.com/hdims/resize/%5E%3E360x%3E468/cropcenter/360x468/quality/85/src/product/image/8357d4ad-251b-4f36-8a93-ae8259ed1aa7.jpg,14
15,kurly,잇더핏 단백질쉐이크 대용량 520g (5종),델리스푼,55000.0,34800,https://product-image.kurly.com/hdims/resize/%5E%3E360x%3E468/cropcenter/360x468/quality/85/src/product/image/48152921-d52b-424d-aed2-a86af665876a.jpg,15
16,kurly,프로틴 단백질 버라이어티 기획팩 세트 6개입,더단백,15000.0,10470,https://product-image.kurly.com/hdims/resize/%5E%3E360x%3E468/cropcenter/360x468/quality/85/src/product/image/4980aeb7-7fde-4e68-974a-5c34f1890b34.jpg,16
17,kurly,꼬박꼬밥 9종 (택1),비브리브,35000.0,20900,https://product-image.kurly.com/hdims/resize/%5E%3E360x%3E468/cropcenter/360x468/quality/85/src/product/image/77547c6d-3208-47b3-84ff-31efef0799e3.jpg,17
18,kurly,아카시아꿀 (1+등급),올리,,25800,https://img-cf.kurly.com/hdims/resize/%5E%3E360x%3E468/cropcenter/360x468/quality/85/src/shop/data/goods/1583143671390l0.jpg,18
19,kurly,100% NFC 코코넛워터 200mL X 6병,리타,6900.0,6210,https://img-cf.kurly.com/hdims/resize/%5E%3E360x%3E468/cropcenter/360x468/quality/85/src/shop/data/goods/1654826918243l0.jpg,19
20,kurly,콤부차 30스틱 14종 (택1),티젠,19900.0,10900,https://product-image.kurly.com/hdims/resize/%5E%3E360x%3E468/cropcenter/360x468/quality/85/src/product/image/21959e01-5757-4d05-a400-fcd97a910b03.jpg,20
21,kurly,밸런스밀 프로틴 쉐이크 1개 (5종),CJ,2980.0,2620,https://product-image.kurly.com/hdims/resize/%5E%3E360x%3E468/cropcenter/360x468/quality/85/src/product/image/926f2ef4-975d-4885-ae1d-387f871f70d7.jpg,21
22,kurly,제주 벌꿀 2종,제주벌꿀영농조합법인,7000.0,6850,https://img-cf.kurly.com/hdims/resize/%5E%3E360x%3E468/cropcenter/360x468/quality/85/src/shop/data/goods/1530683379515l0.jpg,22
23,kurly,효소 30포 3종 (택1),이영애의 건강미식,88000.0,16900,https://product-image.kurly.com/hdims/resize/%5E%3E360x%3E468/cropcenter/360x468/quality/85/src/product/image/3f7b0470-bb47-4023-b504-a6d97681350b.jpg,23
24,kurly,홍삼정 더 클래스 농축스틱 (50일분) (+쇼핑백증정),정관장 X Kurly,153000.0,107100,https://product-image.kurly.com/hdims/resize/%5E%3E360x%3E468/cropcenter/360x468/quality/85/src/product/image/344dfda8-c23b-4b64-97ec-ac56f2cc291c.jpg,24
25,kurly,아연셀레늄 (20일분),바이오렉트라,66000.0,56100,https://product-image.kurly.com/hdims/resize/%5E%3E360x%3E468/cropcenter/360x468/quality/85/src/product/image/c38c92d3-2a1a-4e69-acb6-f078aad9c4c5.jpg,25
26,kurly,얼박 10입 3종,동아제약,20000.0,16000,https://product-image.kurly.com/hdims/resize/%5E%3E360x%3E468/cropcenter/360x468/quality/85/src/product/image/4d360f0e-5cc2-4973-9227-05cc1c32a310.jpg,26
27,kurly,우리아이 맑은습관 도라지배 2종 (택1),룰루맘,5900.0,5100,https://product-image.kurly.com/hdims/resize/%5E%3E360x%3E468/cropcenter/360x468/quality/85/src/product/image/d1970351-823c-4db1-96e2-a278d615e1bb.jpg,27
28,kurly,홍삼으로 에너지타임 플러스 (100일분)(+쇼핑백증정),김정환홍삼,249000.0,59900,https://product-image.kurly.com/hdims/resize/%5E%3E360x%3E468/cropcenter/360x468/quality/85/src/product/image/0377da12-5e4b-4db4-8ae5-0c4f6c360529.jpg,28
29,kurly,사양벌꿀 1kg,올가비오,15900.0,13900,https://product-image.kurly.com/hdims/resize/%5E%3E360x%3E468/cropcenter/360x468/quality/85/src/product/image/a2e1587b-571d-492f-9a07-48ac250e05bf.jpg,29
30,kurly,고농축 푸룬 딥워터 (180mL X 3개입),테일러,,13500,https://product-image.kurly.com/hdims/resize/%5E%3E360x%3E468/cropcenter/360x468/quality/85/src/product/image/a5966787-5a67-438a-a78a-0c0ccef28853.jpg,30
31,kurly,뉴케어 구수한맛 30팩,대상웰라이프,75000.0,49900,https://product-image.kurly.com/hdims/resize/%5E%3E360x%3E468/cropcenter/360x468/quality/85/src/product/image/31754c49-fc69-476e-af96-5d93f8eb82db.jpg,31
32,kurly,아카시아 야생화 밤꿀 스틱 선물세트 30포,꿀마실,34000.0,22900,https://product-image.kurly.com/hdims/resize/%5E%3E360x%3E468/cropcenter/360x468/quality/85/src/product/image/1c9b3651-cfea-4e95-b9fe-6ddacfe28328.jpg,32
33,kurly,고단저당 꼬박꼬밥 7개입 7종 (택1),비브리브,36000.0,20900,https://product-image.kurly.com/hdims/resize/%5E%3E360x%3E468/cropcenter/360x468/quality/85/src/product/image/a05ea0ab-5723-4597-ab3a-8b7777d4eb0e.jpg,33
34,kurly,비타프레쉬 귤젤리 비타민C&D 3000 구미(23일분),엔젯오리진,18900.0,10800,https://product-image.kurly.com/hdims/resize/%5E%3E360x%3E468/cropcenter/360x468/quality/85/src/product/image/7774cc43-423e-4165-bb00-47a24bfcb699.jpg,34
35,kurly,일화차시 호박팥차 (500mL X 6개),일화,,5980,https://product-image.kurly.com/hdims/resize/%5E%3E360x%3E468/cropcenter/360x468/quality/85/src/product/image/eb7dbd8b-9ffe-413c-b883-62e47eb9ea76.jpg,35
36,kurly,비타민 C&D 아연 구미(30일분),KS365,9900.0,5500,https://product-image.kurly.com/hdims/resize/%5E%3E360x%3E468/cropcenter/360x468/quality/85/src/product/image/b8151bec-463c-4f21-b473-0ca2d50b5d8a.jpeg,36
37,kurly,프로핏 웨이프로틴 드링크 3종 (12개입),셀렉스,38400.0,24900,https://product-image.kurly.com/hdims/resize/%5E%3E360x%3E468/cropcenter/360x468/quality/85/src/product/image/84200ecc-ea89-4aff-bdcb-a2012e5046dd.jpg,37
38,kurly,뉴케어 미니 구수한맛 24팩,대상웰라이프,48000.0,29390,https://product-image.kurly.com/hdims/resize/%5E%3E360x%3E468/cropcenter/360x468/quality/85/src/product/image/a08e7ff7-7e66-4698-be9d-389ac309dc2b.jpg,38
39,kurly,잇더핏 단백질쉐이크 스타터패키지(5입),델리스푼,28300.0,19900,https://product-image.kurly.com/hdims/resize/%5E%3E360x%3E468/cropcenter/360x468/quality/85/src/product/image/5a167f7e-211f-4dc3-8b28-63a9607c480d.jpg,39
40,kurly,골드 카무트 브랜드밀효소G (30포),그레인온,25000.0,9900,https://product-image.kurly.com/hdims/resize/%5E%3E360x%3E468/cropcenter/360x468/quality/85/src/product/image/11d6b376-00ca-4813-b68f-f9ba49ef8ce7.jpg,40
41,kurly,홍삼 쌍화 (30포) (+쇼핑백증정),김정환홍삼,39800.0,16900,https://product-image.kurly.com/hdims/resize/%5E%3E360x%3E468/cropcenter/360x468/quality/85/src/product/image/3a9c78b6-916c-459b-aa70-78c06fd63fc2.jpg,41
42,kurly,청매실농원 청매실원 420mL,홍쌍리,,15000,https://img-cf.kurly.com/hdims/resize/%5E%3E360x%3E468/cropcenter/360x468/quality/85/src/shop/data/goods/1516590715289l0.jpg,42
43,kurly,비에날씬 플러스 100억 다이어트유산균 (20일분) + 보냉백 증정,BNR17,68000.0,32670,https://product-image.kurly.com/hdims/resize/%5E%3E360x%3E468/cropcenter/360x468/quality/85/src/product/image/85ce670e-0eb6-44dc-8e79-fff7884af895.jpg,43
44,kurly,파워업 마시는 알부민 30포,메디트리,40000.0,13900,https://product-image.kurly.com/hdims/resize/%5E%3E360x%3E468/cropcenter/360x468/quality/85/src/product/image/5df90c0c-f9f3-4e76-b96e-704b0c7f3cd7.jpg,44
45,kurly,콤부차 3종 250mL (택1),아임얼라이브,,3200,https://product-image.kurly.com/hdims/resize/%5E%3E360x%3E468/cropcenter/360x468/quality/85/src/product/image/a227d3e3-bc50-4bea-bd38-a7583081de74.jpg,45
46,kurly,트루바이타민 I (30일분),덴프스,80000.0,25400,https://product-image.kurly.com/hdims/resize/%5E%3E360x%3E468/cropcenter/360x468/quality/85/src/product/image/68c44da4-7774-46ed-8de8-c0b84166b84e.jpg,46
47,kurly,리얼 초콜릿 프로틴바 4종 (1개입/9개입),빼바,28500.0,19900,https://product-image.kurly.com/hdims/resize/%5E%3E360x%3E468/cropcenter/360x468/quality/85/src/product/image/fe88ada8-b4ec-4e08-be62-c3b911b64e62.jpg,47
48,kurly,마그네슘400 (30일분),도펠헤르츠,20000.0,12900,https://product-image.kurly.com/hdims/resize/%5E%3E360x%3E468/cropcenter/360x468/quality/85/src/product/image/11920ea3-ee33-46cf-a6a7-7ef7cc8e7ebd.jpg,48
49,kurly,아카시아꿀 스틱 10포,바로생활,6800.0,6120,https://product-image.kurly.com/hdims/resize/%5E%3E360x%3E468/cropcenter/360x468/quality/85/src/product/image/cdb38741-9802-4c27-b937-07ae88b6186e.jpg,49
50,kurly,알티지 오메가3 프리미엄 (30일분),뉴트리원,19900.0,10900,https://img-cf.kurly.com/hdims/resize/%5E%3E360x%3E468/cropcenter/360x468/quality/85/src/shop/data/goods/1642389190582l0.jpg,50
51,kurly,유기농 황금 매실 엑기스 (광양매실) 380mL,우리농,,12000,https://img-cf.kurly.com/hdims/resize/%5E%3E360x%3E468/cropcenter/360x468/quality/85/src/shop/data/goods/152895850366l0.jpg,51
52,kurly,홍삼정 에브리타임 소프트 (20일분) (+쇼핑백증정),정관장,54000.0,43200,https://product-image.kurly.com/hdims/resize/%5E%3E360x%3E468/cropcenter/360x468/quality/85/src/product/image/7f0f103b-097c-44a3-902e-97f6f193f010.jpg,52
53,kurly,국내산 무농약 강황가루 150g (우리땅 진도에서 자란),올리,,13500,https://product-image.kurly.com/hdims/resize/%5E%3E360x%3E468/cropcenter/360x468/quality/85/src/product/image/2a82837d-004c-4fdf-8963-e4a1f13a9720.jpg,53
54,kurly,프로핏 완전단백질 4종,셀렉스,29900.0,27900,https://product-image.kurly.com/hdims/resize/%5E%3E360x%3E468/cropcenter/360x468/quality/85/src/product/image/77119c1c-aba1-445c-aec0-eca86579f4cc.jpg,54
55,kurly,갓비움 4종 (택1),에치와이,,4500,https://product-image.kurly.com/hdims/resize/%5E%3E360x%3E468/cropcenter/360x468/quality/85/src/product/image/f837f1d4-4bf4-4a53-bc1b-cd9500655fbf.jpg,55
56,kurly,딸기 그대로 수제 딸기청 1kg,소소미담,15900.0,11900,https://product-image.kurly.com/hdims/resize/%5E%3E360x%3E468/cropcenter/360x468/quality/85/src/product/image/dc79f5df-c4ed-4b09-b8da-1fee99bb7642.jpg,56
57,kurly,국산 생강가루 2종,네이처앤헬스,6580.0,5922,https://product-image.kurly.com/hdims/resize/%5E%3E360x%3E468/cropcenter/360x468/quality/85/src/product/image/f979bb97-a781-4a75-a414-a796804b6ee0.jpg,57
58,kurly,프로틴 드링크 미니 4종 (260mL X 6개입),랩노쉬,16200.0,11900,https://product-image.kurly.com/hdims/resize/%5E%3E360x%3E468/cropcenter/360x468/quality/85/src/product/image/3f3b455a-f097-4a92-a7e6-dbf22d95aa4e.jpg,58
59,kurly,"아카시아, 야생화, 밤꿀 미니스틱 10포 3종 (택1)",꿀마실,8000.0,6500,https://product-image.kurly.com/hdims/resize/%5E%3E360x%3E468/cropcenter/360x468/quality/85/src/product/image/61dd1800-4eb4-4e95-816c-425ba75f333b.jpg,59
60,kurly,비타민D 5000IU (120일분),리얼닥터,25000.0,8900,https://product-image.kurly.com/hdims/resize/%5E%3E360x%3E468/cropcenter/360x468/quality/85/src/product/image/c8795407-ba53-4f15-89b5-d164813f8bb5.jpg,60
61,kurly,스위터 아카시아 꿀 허니바틀 500g,비마스터,16500.0,14750,https://product-image.kurly.com/hdims/resize/%5E%3E360x%3E468/cropcenter/360x468/quality/85/src/product/image/98aff99f-036f-47c1-ac4a-28ef94137c25.jpg,61
62,kurly,"애플 사이다 비니거 2종(10개입, 30개입)",티젠,7000.0,4900,https://product-image.kurly.com/hdims/resize/%5E%3E360x%3E468/cropcenter/360x468/quality/85/src/product/image/e1ee0a22-23e1-486a-ba75-66754c777e92.jpg,62
63,kurly,진한 배도라지즙 20포,루솔,25100.0,19800,https://product-image.kurly.com/hdims/resize/%5E%3E360x%3E468/cropcenter/360x468/quality/85/src/product/image/d52aaeb9-af51-4996-ac02-4d605bb42b78.jpg,63
64,kurly,트리플콜라겐 오렌지 14포,오니스트,37000.0,29800,https://product-image.kurly.com/hdims/resize/%5E%3E360x%3E468/cropcenter/360x468/quality/85/src/product/image/145357c2-5df5-49aa-8cd6-a33145a885bf.jpg,64
65,kurly,알부민 진액스틱 30포 (+쇼핑백증정),김소형원방,70000.0,18900,https://product-image.kurly.com/hdims/resize/%5E%3E360x%3E468/cropcenter/360x468/quality/85/src/product/image/28977d41-1054-4964-961f-036ea957e713.jpg,65
66,kurly,알티지 오메가-3 (90일분),나우푸드,50000.0,25000,https://product-image.kurly.com/hdims/resize/%5E%3E360x%3E468/cropcenter/360x468/quality/85/src/product/image/bda636d0-a1f2-4d84-bbd2-a5d98795edd3.jpg,66
67,kurly,무농약 신비의 작두콩차 (콩알/깍지) 100g,하루한티,,13900,https://img-cf.kurly.com/hdims/resize/%5E%3E360x%3E468/cropcenter/360x468/quality/85/src/shop/data/goods/1601002092972l0.jpg,67
68,kurly,리얼 청 (3종) 오미자청/생강청/매실청 310mL,백설,4980.0,4620,https://product-image.kurly.com/hdims/resize/%5E%3E360x%3E468/cropcenter/360x468/quality/85/src/product/image/80b0c286-2773-479b-b775-0aa74babcc3e.jpg,68
69,kurly,에브리타임 샷 (20일분)(+쇼핑백증정),정관장,59000.0,50150,https://product-image.kurly.com/hdims/resize/%5E%3E360x%3E468/cropcenter/360x468/quality/85/src/product/image/17a0d12c-f756-4c7a-98ad-5c1e49310366.jpg,69
70,kurly,짜먹는 생 들기름 (10개입),지리산처럼,,7800,https://img-cf.kurly.com/hdims/resize/%5E%3E360x%3E468/cropcenter/360x468/quality/85/src/shop/data/goods/1499223769356l0.jpg,70
71,kurly,사양벌꿀 1kg,가보팜스,15900.0,12300,https://product-image.kurly.com/hdims/resize/%5E%3E360x%3E468/cropcenter/360x468/quality/85/src/product/image/75eedb6d-823a-448f-b0b6-f1dd38fb578b.jpg,71
72,kurly,타이거 생강 진저샷 350g 3개입,타이거모닝,84000.0,50950,https://product-image.kurly.com/hdims/resize/%5E%3E360x%3E468/cropcenter/360x468/quality/85/src/product/image/1b7728aa-a90b-4edf-8563-33c844b5385e.jpg,72
73,kurly,저온착즙 100% 진짜양배추즙 100ml 30팩,김재식헬스푸드,24900.0,20040,https://img-cf.kurly.com/hdims/resize/%5E%3E360x%3E468/cropcenter/360x468/quality/85/src/shop/data/goods/1618983004268l0.jpg,73
74,kurly,유기농 어린이 배도라지즙 2종 (100mL X 10포),몸애쏙쏙,15900.0,13320,https://img-cf.kurly.com/hdims/resize/%5E%3E360x%3E468/cropcenter/360x468/quality/85/src/shop/data/goods/1570437357849l0.jpg,74
75,kurly,프리미엄 아카시아꿀 2종 (500g/1kg),가보팜스,18900.0,16900,https://product-image.kurly.com/hdims/resize/%5E%3E360x%3E468/cropcenter/360x468/quality/85/src/product/image/b9cbcbbb-3d05-4fe9-9153-1a1b0340c05c.jpg,75
76,kurly,카무트 브랜드밀 효소골드 30포,이영애의 건강미식,119200.0,22300,https://product-image.kurly.com/hdims/resize/%5E%3E360x%3E468/cropcenter/360x468/quality/85/src/product/image/54b040da-8885-4a2e-8439-5c5d4ac689fd.jpg,76
77,kurly,이너플로라 유산균 (30일분),뉴오리진,50000.0,19240,https://product-image.kurly.com/hdims/resize/%5E%3E360x%3E468/cropcenter/360x468/quality/85/src/product/image/97839185-778b-4b5a-8909-d7a361fcb731.jpg,77
78,kurly,타이거 생강 커큐민진저샷 10개입,타이거모닝,31000.0,21500,https://product-image.kurly.com/hdims/resize/%5E%3E360x%3E468/cropcenter/360x468/quality/85/src/product/image/e7f79b2e-eb6e-45d5-a980-2c976eb30d46.jpg,78
79,kurly,석류 착즙주스 1L,DIMES,,5990,https://img-cf.kurly.com/hdims/resize/%5E%3E360x%3E468/cropcenter/360x468/quality/85/src/shop/data/goods/1626692835915l0.jpg,79
80,kurly,지노프레쉬 질유산균 (30일분),지노프레쉬,48000.0,30600,https://product-image.kurly.com/hdims/resize/%5E%3E360x%3E468/cropcenter/360x468/quality/85/src/product/image/fbf31836-c095-413f-9fc5-b46256389e72.jpg,80
81,kurly,프로메가 알티지 오메가3 듀얼 (30일분),종근당건강,19900.0,12900,https://product-image.kurly.com/hdims/resize/%5E%3E360x%3E468/cropcenter/360x468/quality/85/src/product/image/3b04d174-6604-4702-a9f9-a46b9c2f4499.jpg,81
82,kurly,지리산 꿀 2종,지리산한봉영농조합,,19800,https://img-cf.kurly.com/hdims/resize/%5E%3E360x%3E468/cropcenter/360x468/quality/85/src/shop/data/goods/1525329011108l0.jpg,82
83,kurly,지중해 올리브오일 30포,푸드올로지,46000.0,32800,https://product-image.kurly.com/hdims/resize/%5E%3E360x%3E468/cropcenter/360x468/quality/85/src/product/image/f653a2f0-a222-40d2-82d6-1cf4f263998d.jpg,83
84,kurly,초임계 알티지(rTG) 오메가3 알파 (30일분),닥터린,24000.0,9900,https://product-image.kurly.com/hdims/resize/%5E%3E360x%3E468/cropcenter/360x468/quality/85/src/product/image/6021170c-357c-4fd6-a4ab-07c693a14595.jpg,84
85,kurly,홍초 석류 900ml,청정원,8980.0,7980,https://product-image.kurly.com/hdims/resize/%5E%3E360x%3E468/cropcenter/360x468/quality/85/src/product/image/dfea7f71-4977-4380-a6bc-dd6aa4e7396f.jpg,85
86,kurly,100억 유산균 (30일분),리얼닥터,26900.0,13900,https://product-image.kurly.com/hdims/resize/%5E%3E360x%3E468/cropcenter/360x468/quality/85/src/product/image/290effd4-b809-4a41-8eb2-019f1613eefe.jpg,86
87,kurly,골드카무트효소 선물세트 90포,그레인온,45900.0,40900,https://product-image.kurly.com/hdims/resize/%5E%3E360x%3E468/cropcenter/360x468/quality/85/src/product/image/46d80cf0-3585-4a4f-85de-e2a6dc8d3a8a.jpg,87
88,kurly,뉴케어 마이키즈 24개입 5종 (택1),대상웰라이프,48000.0,32400,https://product-image.kurly.com/hdims/resize/%5E%3E360x%3E468/cropcenter/360x468/quality/85/src/product/image/c33dde6b-c141-43b3-98e8-41f61120dfec.jpg,88
89,kurly,홍삼정 에브리타임 소프트 (30일분)(+쇼핑백증정),정관장,77000.0,65450,https://product-image.kurly.com/hdims/resize/%5E%3E360x%3E468/cropcenter/360x468/quality/85/src/product/image/1a1b92a0-31cf-4454-98bb-738d405c0d21.jpg,89
90,kurly,슈퍼콜라겐 리프트샷 28포 (쇼핑백 별도구매),바이탈뷰티,,500,https://product-image.kurly.com/hdims/resize/%5E%3E360x%3E468/cropcenter/360x468/quality/85/src/product/image/36c98be0-6733-4f41-b95b-292d313ceb0f.jpg,90
91,kurly,홍삼정 에브리타임 소프트 (20일분)(+리본포장 & 쇼핑백증정),정관장,54000.0,43200,https://product-image.kurly.com/hdims/resize/%5E%3E360x%3E468/cropcenter/360x468/quality/85/src/product/image/01b8e470-3d73-4fea-8817-dd5bb8667eee.jpg,91
92,kurly,마이밀 마시는 뉴프로틴 오리지널 16팩,대상웰라이프,45000.0,19500,https://product-image.kurly.com/hdims/resize/%5E%3E360x%3E468/cropcenter/360x468/quality/85/src/product/image/b4b10737-e3f4-4452-be24-1bba520820c9.jpg,92
93,kurly,국산 진한 팥물 500mL 2종,소이퀸,,8500,https://product-image.kurly.com/hdims/resize/%5E%3E360x%3E468/cropcenter/360x468/quality/85/src/product/image/022ee7e1-27c2-4b40-8b70-e51588f11b4a.jpg,93
94,kurly,유자청 580g,자임,8900.0,7900,https://product-image.kurly.com/hdims/resize/%5E%3E360x%3E468/cropcenter/360x468/quality/85/src/product/image/92d44bc5-e6c9-4e15-a093-44ea83adf502.jpg,94
95,kurly,프라임 유산균 (100일분),드시모네,208000.0,145600,https://product-image.kurly.com/hdims/resize/%5E%3E360x%3E468/cropcenter/360x468/quality/85/src/product/image/ccfc5f10-5fae-4059-91ba-5eef5c385c41.jpg,95
96,kurly,브이케어 파인애플맛 28정,니아르,45000.0,29900,https://product-image.kurly.com/hdims/resize/%5E%3E360x%3E468/cropcenter/360x468/quality/85/src/product/image/8ab242de-a6ec-460f-9fe0-be0ba72411d2.jpg,96
97,kurly,클렌즈 30개입 5종 (택1),라이블링,39900.0,24900,https://product-image.kurly.com/hdims/resize/%5E%3E360x%3E468/cropcenter/360x468/quality/85/src/product/image/fe05f63d-6999-4474-8c03-117ec6929a44.png,97
98,kurly,프로 단백질바 3종 560g (택1),닥터유,,16000,https://product-image.kurly.com/hdims/resize/%5E%3E360x%3E468/cropcenter/360x468/quality/85/src/product/image/e10449c1-4138-4af3-9558-fc1e5a07dc0f.jpg,98
99,kurly,단백질 쉐이크 스타터팩 9개입,플라이밀,45000.0,29400,https://product-image.kurly.com/hdims/resize/%5E%3E360x%3E468/cropcenter/360x468/quality/85/src/product/image/be5b39be-197a-4eab-bd72-dcfd78b922a7.jpg,99
100,kurly,프리미엄 오미자 자일로스청 원액 1L,문경몰,19000.0,15960,https://product-image.kurly.com/hdims/resize/%5E%3E360x%3E468/cropcenter/360x468/quality/85/src/product/image/7406899c-8eef-4ac3-8ca7-47c50a3470b8.jpg,100
101,gmarket,활기력 20ml 16병 선물포장 (쇼핑백동봉),정관장,42000.0,29900,//gdimg.gmarket.co.kr/4272567157/still/300?ver=1759119735,1
102,gmarket,rTG 알티지 오메가3 6개월분(180캡슐) (5%적립+쇼핑백1매) 식물성캡슐 비타민D (~9/30),순수식품,31640.0,24900,//gdimg.gmarket.co.kr/1819951773/still/300?ver=1758611624,2
103,gmarket,(15%) 프로바이오틱스 생유산균 골드 240포(+10포 추가증정) 총 250포 (9/29(월) 결제건만 증정),서울약사신협,25640.0,19800,//gdimg.gmarket.co.kr/2933225337/still/300?ver=1759058487,3
104,gmarket,(10% 적립) 풀무원녹즙 매일배송 채소습관 케일사과 130ml 4주분 (월-금) 총20병,풀무원,33990.0,26900,//gdimg.gmarket.co.kr/3301351434/still/300?ver=1758856838,4
105,gmarket,비타민C 1000 600정 X 1개 (20개월분),고려은단,53700.0,42900,//gdimg.gmarket.co.kr/1589098023/still/300?ver=1756437078,5
106,gmarket,락토핏 골드 50포 6통 (300일분),락토핏,95000.0,66500,//gdimg.gmarket.co.kr/1577510972/still/300?ver=1752821025,6
107,gmarket,뉴케어 미니 구수한맛 150ml(24입),대상웰라이프,37200.0,27760,//gdimg.gmarket.co.kr/3016672563/still/300?ver=1752644660,7
108,gmarket,정관장 에브리타임 소프트 20포 x 2세트 (쇼핑백동봉),정관장,108000.0,84300,//gdimg.gmarket.co.kr/4399586295/still/300?ver=1759106975,8
109,gmarket,정관장 홍삼정 에브리타임 10ml 50포 500ml 1박스 간편한 홍삼 한포로 체우는 건강한 생활,정관장,155900.0,153900,//gdimg.gmarket.co.kr/4233738047/still/300?ver=1756368243,9
110,gmarket,정관장 선물세트_ 다보록 감사휘(輝)편 / 선물포장 (쇼핑백동봉),정관장,56000.0,42000,//gdimg.gmarket.co.kr/4266330961/still/300?ver=1759119945,10
111,gmarket,햇꿀(설탕0%) 시골이야기 아카시아꿀 2.4kg/2025년/탄비-25.2 / 단 하루 특가,예천시골이야기,48000.0,41200,//gdimg.gmarket.co.kr/681524167/still/300?ver=1758864170,11
112,gmarket,정관장 홍삼원골드 50mlx60포  (빅스),정관장,45500.0,38950,//gdimg.gmarket.co.kr/2534888799/still/300?ver=1758687627,12
113,gmarket,바이오코어 100억 유산균 30캡슐 3박스,바이오코어,42000.0,30900,//gdimg.gmarket.co.kr/2904118583/still/300?ver=1756714617,13
114,gmarket,멀티비타민 미네랄 액상 이뮨샷 맥스 7개입 4박스(총 28개입) 종합비타민 이뮨비타민,,39000.0,30900,//gdimg.gmarket.co.kr/2473646323/still/300?ver=1759121605,14
115,gmarket,홍삼진건 40ml x 30포 선물세트 (쇼핑백포함) / 건강기능식품 인증 국내산 6년근 홍삼,정관장,75000.0,55500,//gdimg.gmarket.co.kr/1656655543/still/300?ver=1758875493,15
116,gmarket,정관장 홍삼정 에브리타임 소프트 (30포) (쇼핑백동봉),정관장,80000.0,65400,//gdimg.gmarket.co.kr/3594405100/still/300?ver=1759108318,16
117,gmarket,바디프로젝트 파로 효소 엠머밀 단백질 프리미엄 2g x 30포 3박스,위아즈,55000.0,15210,//gdimg.gmarket.co.kr/4440056500/still/300?ver=1758868937,17
118,gmarket,식물성 퓨어 알티지 rTG오메가3 60캡슐 x 3개 (6개월분) +쇼핑백,고려은단,62380.0,47900,//gdimg.gmarket.co.kr/2246186364/still/300?ver=1747185193,18
119,gmarket,6년근 홍삼정 홍삼 스틱 (5%적립+쇼핑백1매) 100포(1박스) 홍삼정 에브리데이365 (~9/30),순수식품,36350.0,28900,//gdimg.gmarket.co.kr/1961244200/still/300?ver=1759100584,19
120,gmarket,정관장 홍삼원 70ml 30포 / 선물세트,정관장,43000.0,30250,//gdimg.gmarket.co.kr/4082704083/still/300?ver=1751606812,20
121,gmarket,닥터린 초임계 알티지(rTG) 오메가3 (송중기 오메가) 12개월(9/27~29특가+쇼핑백증정~9/30+10%적립),닥터린,116870.0,87000,//gdimg.gmarket.co.kr/2168139041/still/300?ver=1758865260,21
122,gmarket,정관장 에브리타임 샷 (20ml20병) (쇼핑백동봉),정관장,59000.0,47200,//gdimg.gmarket.co.kr/4382064222/still/300?ver=1759119184,22
123,gmarket,뉴케어 구수한맛 200ml30팩,대상웰라이프,62000.0,47600,//gdimg.gmarket.co.kr/2395160573/still/300?ver=1750300507,23
124,gmarket,코엔자임Q10 항산화 혈압건강 높은혈압감소 30캡슐x6박스/6개월분 (특가),프롬바이오,34000.0,26900,//gdimg.gmarket.co.kr/3231585572/still/300?ver=1758859999,24
125,gmarket,메가도스C 3000 고함량 비타민C 100포 X 2개 +쇼핑백,고려은단,62380.0,47900,//gdimg.gmarket.co.kr/2684678660/still/300?ver=1758758076,25
126,gmarket,유기농 레몬즙 레몬수 원액 스틱 (5%적립)100포(1박스) 대용량 1일1레몬 착즙 (~9/30),순수식품,30350.0,23800,//gdimg.gmarket.co.kr/3979619951/still/300?ver=1758611047,26
127,gmarket,관절엔 콘드로이친 1200  5개월/식약처 기능성인정 건강기능식품 홈쇼핑 동일 상품,주영엔에스,286020.0,264000,//gdimg.gmarket.co.kr/2446867399/still/300?ver=1757924436,27
128,gmarket,유니시티 이에너지 바이오스라이프 멀티 비타민,바이오스라이프,88000.0,86000,//gdimg.gmarket.co.kr/2740242542/still/300?ver=1757997975,28
129,gmarket,정관장 홍삼진고 이뮨스틱 10g x 30포 선물세트 쇼핑백포함 6년근 홍삼 스틱,정관장,28990.0,26990,//gdimg.gmarket.co.kr/4089353334/still/300?ver=1757523710,29
130,gmarket,(건식관) 정관장 에브리타임 샷 (20ml 20병) (쇼핑백동봉),정관장,59000.0,47200,//gdimg.gmarket.co.kr/4446810497/still/300?ver=1758173776,30
131,gmarket,김소형원장 명품 침향환(32환 2박스) 침향 함량 30%  쇼핑백 2개 증정,헤밀레,99700.0,54950,//gdimg.gmarket.co.kr/3878379821/still/300?ver=1758864040,31
132,gmarket,비타민C 1000 이지+D 180정 2박스 (6개월분),고려은단,37380.0,27900,//gdimg.gmarket.co.kr/2186417742/still/300?ver=1747184193,32
133,gmarket,신풍제약 애드마일스 배도라지스틱 3box 90포 + 쇼핑백 /프로폴리스 함유 / 소비기한 임박특가 26.04.22,애드마일스,39900.0,31920,//gdimg.gmarket.co.kr/3433586288/still/300?ver=1756796938,33
134,gmarket,고려홍삼중앙회 녹용홍삼 농축스틱 골드 10ml x 30포 x 4박스(총 120포)+쇼핑백증정,고려홍삼중앙회,35170.0,27900,//gdimg.gmarket.co.kr/3392630532/still/300?ver=1758181192,34
135,gmarket,비타오리진 프리미엄 유기농 레몬즙 20g 14포 x 4+1(총 5박스) 70포/ 1일1레몬 유기농레몬,홀라이프,21050.0,15900,//gdimg.gmarket.co.kr/4006941613/still/300?ver=1758523457,35
136,gmarket,냉장배송 다이어트 유산균 비에날씬 프로 425mg x 30캡슐 3개  line,비에날씬,158690.0,156690,//gdimg.gmarket.co.kr/4349740298/still/300?ver=1758897529,36
137,gmarket,10%적립 베이비 스텝1 3박스(3개월분) + 베이비스텝1 20일분 증정,드시모네,114000.0,81480,//gdimg.gmarket.co.kr/2332219546/still/300?ver=1757890540,37
138,gmarket,마이핏V 맛있는 리포좀 비타민C 28포 6박스 (스타배송) /리뷰이벤트100% 증정,동국제약,123750.0,108020,//gdimg.gmarket.co.kr/4332061942/still/300?ver=1743755095,38
139,gmarket,닥터린 알파 CD 원데이 핏 알파시클로덱스트린 10박스(9/28특가+쇼핑백증정~9/30+10%적립)(20주분),,110000.0,69000,//gdimg.gmarket.co.kr/4399954450/still/300?ver=1758871003,39
140,gmarket,종근당건강 락토핏 당케어 4통(240포) 8개월분,락토핏,88000.0,61600,//gdimg.gmarket.co.kr/3707634420/still/300?ver=1757999052,40
141,gmarket,정관장 홍삼본원스틱 10g 30포-6년근 홍삼농축액 홍삼정 활기력 홍삼원 골드,정관장,39900.0,26900,//gdimg.gmarket.co.kr/3466901983/still/300?ver=1758764220,41
142,gmarket,GNM자연의품격 1개월 올인원 솔루션 멀티팩 종합비타민((2캡슐 900mg 500,GNM자연의품격,49900.0,33940,//gdimg.gmarket.co.kr/3127991703/still/300?ver=1759123200,42
143,gmarket,하이뮨 프로틴 밸런스 스틱 선물세트 3세트 (소비기한 26/05/10),일동후디스,40000.0,32000,//gdimg.gmarket.co.kr/2100518477/still/300?ver=1758618864,43
144,gmarket,정관장 홍삼진본 20포 S/ 홍삼정 홍삼액 홍삼,정관장,32900.0,30900,//gdimg.gmarket.co.kr/3158076299/still/300?ver=1759120166,44
145,gmarket,(한국인삼공사정관장)다보록 감사휘편 + 쇼핑백 증정,정관장,42000.0,39060,//gdimg.gmarket.co.kr/4080799728/still/300?ver=1758097747,45
146,gmarket,풀무원 녹용진50ml 선물세트(10병) 1박스+쇼핑백 활력충전 명절 추석,풀무원,17530.0,14900,//gdimg.gmarket.co.kr/2485603393/still/300?ver=1759107091,46
147,gmarket,덴프스 덴마크 유산균 이야기 170mg x 60캡슐 x 1박스 프로바이오틱스 rain,덴프스,25300.0,23300,//gdimg.gmarket.co.kr/4453045262/still/300?ver=1759112454,47
148,gmarket,비타랩스 간에 좋은 실리마린 밀크씨슬 2통 6개월분 1+1 간 영양제 (총 2통) / 단 하루 특가,비타랩스,24900.0,15220,//gdimg.gmarket.co.kr/4309727171/still/300?ver=1758787717,48
149,gmarket,햇살듬뿍 사과즙 100mlX100포 대용량 100포 벌크형,햇살듬뿍,21900.0,17710,//gdimg.gmarket.co.kr/1164638945/still/300?ver=1758780478,49
150,gmarket,에브리타임 오리지널 100포_1일1포 언제어디서나 체력충전 2024 홍삼정에브리타임 리뉴얼,정관장,304040.0,302040,//gdimg.gmarket.co.kr/4254445131/still/300?ver=1754057933,50
151,gmarket,정관장 봉밀절편 홍삼 (12갑) - 최신정품.당일발송,정관장,124980.0,122980,//gdimg.gmarket.co.kr/333198258/still/300?ver=1708052156,51
152,gmarket,조선황림 발효 침향환 (주함량 63% / 흡수 2.5배) G마켓 판매 1위 + 60환,조선비책,109000.0,97000,//gdimg.gmarket.co.kr/1839136126/still/300?ver=1759070819,52
153,gmarket,마이밀 뉴프로틴 오리지널 190ml 24입 x 1박스,대상웰라이프,31000.0,24350,//gdimg.gmarket.co.kr/3043489617/still/300?ver=1753682802,53
154,gmarket,면역강화 홍삼 스틱 플러스 진세노사이드 42mg 30포 x 2박스 +쇼핑백,고려홍삼중앙회,62230.0,50900,//gdimg.gmarket.co.kr/2316862988/still/300?ver=1758523188,54
155,gmarket,천양삼 6년근 고려홍삼정 어니스트 365 홍삼스틱 10g x 100포 GMP 인증 건강기능식품,바이오스테이트,49900.0,27940,//gdimg.gmarket.co.kr/3272807383/still/300?ver=1758591845,55
156,gmarket,고려은단 식물성 퓨어 알티지 오메가3 기억력+ 60캡슐 X 3개 (3개월분) +쇼핑백,고려은단,56130.0,42900,//gdimg.gmarket.co.kr/2309698092/still/300?ver=1746533777,56
157,gmarket,락토핏 골드 추석선물세트50포)3입),락토핏,36700.0,30720,//gdimg.gmarket.co.kr/3229183681/still/300?ver=1759106512,57
158,gmarket,지리산 자연꿀스틱 허니스틱 세트 10g x 90포,플로비즈,46100.0,37100,//gdimg.gmarket.co.kr/3462361771/still/300?ver=1757665365,58
159,gmarket,종근당 바이탈프로그램 비타민C 1100mgx600정 660g 1박스  도착보장 NON-GMO 비타민,종근당,35880.0,28500,//gdimg.gmarket.co.kr/3483992352/still/300?ver=1759108537,59
160,gmarket,정관장 활기력 20ml x 16개입 + 쇼핑백 포함-GTJ,정관장,33300.0,31300,//gdimg.gmarket.co.kr/4284496617/still/300?ver=1758685713,60
161,gmarket,PH365 프리미엄 프로바이오틱스 베이비 아기유산균,피에이치365,39000.0,31150,//gdimg.gmarket.co.kr/1838184501/still/300?ver=1744760884,61
162,gmarket,뉴메이트 비타민C 1000mg 700정(24개월분),뉴메이트,35900.0,28520,//gdimg.gmarket.co.kr/3757120249/still/300?ver=1759102511,62
163,gmarket,메가씨 플러스 3000 비타민C 3박스 9개월분 총270포,비타민마을,33900.0,22680,//gdimg.gmarket.co.kr/1775996722/still/300?ver=1758085689,63
164,gmarket,식물성 퓨어 알티지 rTG 오메가3 이지 60캡슐 X 3개 (3개월분),고려은단,39880.0,29900,//gdimg.gmarket.co.kr/2692870912/still/300?ver=1742193794,64
165,gmarket,비타민C 3000 (총 10개월 분) 300포/ 100포x 3Box  먹기 좋은 레몬향/ 한정,,31860.0,21300,//gdimg.gmarket.co.kr/4248331003/still/300?ver=1757665120,65
166,gmarket,센트룸 멀티구미 키즈 40정(80g) x2개,센트룸,30000.0,23500,//gdimg.gmarket.co.kr/4464147550/still/300?ver=1754540507,66
167,gmarket,종합비타민 미네랄 23종  (5%적립+쇼핑백1매) 9개월분 3박스(270정) 멀티비타민 (~9/30),순수식품,30000.0,21800,//gdimg.gmarket.co.kr/1820023199/still/300?ver=1758611609,67
168,gmarket,속편한 비타민C 1000 중성비타민C 120정 X 2개 (8개월분),고려은단,42380.0,31900,//gdimg.gmarket.co.kr/2684671898/still/300?ver=1758691532,68
169,gmarket,리얼메디온 루테인 지아잔틴 아스타잔틴 3박스 초임계 초소형 식물성캡슐 플러스 눈건강 헤마토코쿠스 특가,리얼메디온,24970.0,17990,//gdimg.gmarket.co.kr/4401031811/still/300?ver=1758789085,69
170,gmarket,밀크씨슬 (6개월분) 실리마린 130 mg 함유 / 간 건강 / 복합 6종 / 건강기능식품,튼튼닷컴,24400.0,16670,//gdimg.gmarket.co.kr/540181610/still/300?ver=1732499802,70
171,gmarket,(일)정관장 홍삼활력플러스 9박스/9개월분+쇼핑백 9장,정관장,310400.0,273160,//gdimg.gmarket.co.kr/4078503522/still/300?ver=1758866989,71
172,gmarket,정관장 홍삼원 50mlX60포 (쇼핑백포함) 홍삼선물세트,정관장,42500.0,40500,//gdimg.gmarket.co.kr/4525095129/still/300?ver=1758102604,72
173,gmarket,뼈엔 엠비피 MBP 5개월 식약처 기능성인정 건강기능식품 홈쇼핑 동일 상품,주영엔에스,200000.0,184000,//gdimg.gmarket.co.kr/2446909364/still/300?ver=1757859960,73
174,gmarket,정관장 홍삼정 에브리타임 10ml x 30포 (1세트 총 30포) 쇼핑백 미포함,정관장,90000.0,87900,//gdimg.gmarket.co.kr/4108904963/still/300?ver=1758592504,74
175,gmarket,덴마크 유산균이야기 6박스/12개월분,덴프스,153000.0,140290,//gdimg.gmarket.co.kr/2340270968/still/300?ver=1758105043,75
176,gmarket,뉴트리코어 x Dr 맥스 알부민 3+1박스(루테인+쇼핑백증정~9/30+10%적립),,140000.0,117000,//gdimg.gmarket.co.kr/4421862306/still/300?ver=1758846315,76
177,gmarket,(한국인삼공사정관장)에브리타임샷(20ml20병) + 쇼핑백 증정,정관장,47200.0,43900,//gdimg.gmarket.co.kr/4428937759/still/300?ver=1758188053,77
178,gmarket,정관장 감사온편 보윤세트 /선물포장가능,정관장,89900.0,87900,//gdimg.gmarket.co.kr/1792376499/still/300?ver=1754468995,78
179,gmarket,그레인온 골드 카무트효소 5개월분(3g x 150포) +9포 증정,그레인온,88000.0,65920,//gdimg.gmarket.co.kr/4170991178/still/300?ver=1757859487,79
180,gmarket,(건식관) 정관장 활기력 20ml 16병 2개 (쇼핑백동봉),정관장,84000.0,62600,//gdimg.gmarket.co.kr/4446813621/still/300?ver=1756952517,80
181,gmarket,하이뮨 프로틴 밸런스 304g 5캔 +보틀+쇼핑백2장,일동후디스,102630.0,87500,//gdimg.gmarket.co.kr/2010911911/still/300?ver=1759104200,81
182,gmarket,종근당건강 락토핏 골드 선물세트 + 쇼핑백,락토핏,45000.0,33750,//gdimg.gmarket.co.kr/1658789474/still/300?ver=1758843492,82
183,gmarket,홍삼원골드50ml60포 (쇼핑백포함),정관장,42880.0,40880,//gdimg.gmarket.co.kr/2530428210/still/300?ver=1758845277,83
184,gmarket,뉴케어 당플랜 호두맛 200ml x30팩,대상웰라이프,68400.0,52720,//gdimg.gmarket.co.kr/2395165784/still/300?ver=1752646140,84
185,gmarket,(광주신세계)뉴케어 미니 구수한맛 (150ml x 32팩 x 2박스) /총 64팩,대상웰라이프,79500.0,79500,//gdimg.gmarket.co.kr/4197151346/still/300?ver=1754523684,85
186,gmarket,메디트리 파워업 마시는 알부민 4박스 (120포) 난백 타우린 액상 비타씨젤리 1봉증정(맛랜덤),메디트리,74900.0,61670,//gdimg.gmarket.co.kr/4365821722/still/300?ver=1757986174,86
187,gmarket,카필라노 마누카 꿀 선물세트 MGO100+ (250g x 2개입),후박몰,49000.0,42100,//gdimg.gmarket.co.kr/4511253454/still/300?ver=1755753652,87
188,gmarket,뉴케어 고소한 검은깨 200ml30팩,대상웰라이프,62000.0,47600,//gdimg.gmarket.co.kr/2395162507/still/300?ver=1750300645,88
189,gmarket,한울벌꿀 국내산 아카시아꿀 2.4kg 사양벌꿀 무료배송/단 하루 특가,농업회사법인선흥,33600.0,26690,//gdimg.gmarket.co.kr/1972691530/still/300?ver=1759069985,89
190,gmarket,하루활력 흑마늘즙 30팩 2박스 (70mL x 총 60팩) +쇼핑백 증정 / 국산 남해안 흑마늘진액 / 천호식품,천호엔케어,46940.0,37900,//gdimg.gmarket.co.kr/1399083246/still/300?ver=1757664670,90
191,gmarket,닥터아돌 베이비 FeD 아기유산균,닥터아돌,45000.0,43000,//gdimg.gmarket.co.kr/2492638753/still/300?ver=1758792451,91
192,gmarket,식물성 루테인 지아잔틴 미니 180캡슐 (6개월분) + 미니100(30C) 증정,안국건강,42900.0,34470,//gdimg.gmarket.co.kr/1769370328/still/300?ver=1758874867,92
193,gmarket,유기농레드비트즙 실속형 100포 비트즙 유기농레드비트,푸드버킷,37000.0,28520,//gdimg.gmarket.co.kr/2941169817/still/300?ver=1752364173,93
194,gmarket,퓨어 밀크씨슬 180정 X 1개,고려은단,31130.0,22900,//gdimg.gmarket.co.kr/4373145992/still/300?ver=1757489121,94
195,gmarket,후디스 초유단백질 280g 2+1개(총3개)+보틀+쇼핑백,일동후디스,31110.0,24900,//gdimg.gmarket.co.kr/2209695067/still/300?ver=1759104316,95
196,gmarket,금쪽같은내새끼 40억보장 100% 크리스찬한센 어린이 유산균  2박스 총60포,비타민마을,38900.0,27180,//gdimg.gmarket.co.kr/2772370301/still/300?ver=1757663033,96
197,gmarket,정관장 활기력 20ml 16병 2개 /쇼핑백동봉,정관장,84000.0,62600,//gdimg.gmarket.co.kr/4272532678/still/300?ver=1758591481,97
198,gmarket,상아제약 프로바이오틱스 2000mlx30포x3통,건강한네오코리아,24900.0,22900,//gdimg.gmarket.co.kr/3976035948/still/300?ver=1720513656,98
199,gmarket,프리미엄 대마종자유 1000 6개월분 햄프씨드 오일 캡슐 냉압착추출공법 캐나다산 100%,헬스프랜드,24900.0,19170,//gdimg.gmarket.co.kr/4180305225/still/300?ver=1757860727,99
200,gmarket,정관장 홍삼원 50ml 30포 쇼핑백포함,정관장,23420.0,21420,//gdimg.gmarket.co.kr/4533473906/still/300?ver=1757557809,100
201,iHerb,Gold C™ USP 등급 비타민C 1000mg 베지 캡슐 60정,California Gold Nutrition,7349.0,7349,"https://cloudinary.images-iherb.com/image/upload/f_auto,q_auto:eco/images/cgn/cgn00931/u/230.jpg",1
202,iHerb,LactoBif® 30 프로바이오틱 300억CFU 베지 캡슐 60정,California Gold Nutrition,31816.0,31816,"https://cloudinary.images-iherb.com/image/upload/f_auto,q_auto:eco/images/cgn/cgn00965/u/170.jpg",2
203,iHerb,오메가3 프리미엄 피쉬 오일 피쉬 젤라틴 소프트젤 100정(소프트젤당 1100mg),California Gold Nutrition,17364.0,17364,"https://cloudinary.images-iherb.com/image/upload/f_auto,q_auto:eco/images/mli/mli00952/u/218.jpg",3
204,iHerb,비타민D-3 & K-2 캡슐 120정,NOW Foods,12088.0,12088,"https://cloudinary.images-iherb.com/image/upload/f_auto,q_auto:eco/images/now/now00369/u/110.jpg",4
205,iHerb,고흡수 마그네슘 120정(1정당 100mg),Doctor's Best,13937.0,13937,"https://cloudinary.images-iherb.com/image/upload/f_auto,q_auto:eco/images/drb/drb00025/u/107.jpg",5
206,iHerb,오메가 800 초고농축 오메가3 피쉬 오일 kd-pur 트리글리세리드 형태 피쉬 젤라틴 소프트젤 30정(소프트젤 1정당 1000mg),California Gold Nutrition,14763.0,14763,"https://cloudinary.images-iherb.com/image/upload/f_auto,q_auto:eco/images/cgn/cgn01251/u/156.jpg",6
207,iHerb,CollagenUP® 가수분해 해양 콜라겐 펩타이드 히알루론산 및 비타민C 함유 무맛 206g(7.26oz),California Gold Nutrition,24853.0,24853,"https://cloudinary.images-iherb.com/image/upload/f_auto,q_auto:eco/images/cgn/cgn01033/u/247.jpg",7
208,iHerb,고흡수 마그네슘 240정(1정당 100mg),Doctor's Best,24392.0,24392,"https://cloudinary.images-iherb.com/image/upload/f_auto,q_auto:eco/images/drb/drb00087/u/198.jpg",8
209,iHerb,칼슘 마그네슘 아연 + D3 90정,21st Century,5794.0,5794,"https://cloudinary.images-iherb.com/image/upload/f_auto,q_auto:eco/images/cen/cen22263/u/27.jpg",9
210,iHerb,Ultra-Mag 120정,Source Naturals,17975.0,17975,"https://cloudinary.images-iherb.com/image/upload/f_auto,q_auto:eco/images/sns/sns00803/u/68.jpg",10
211,iHerb,스포츠 크레아틴 일수화물 무맛 454g(1lb),California Gold Nutrition,24791.0,24791,"https://cloudinary.images-iherb.com/image/upload/f_auto,q_auto:eco/images/cgn/cgn01059/u/144.jpg",11
212,iHerb,CollagenUP® 가수분해 해양 콜라겐 펩타이드 히알루론산 및 비타민C 함유 무맛 464g(1.02lb),California Gold Nutrition,52850.0,52850,"https://cloudinary.images-iherb.com/image/upload/f_auto,q_auto:eco/images/cgn/cgn01032/u/273.jpg",12
213,iHerb,Neuro-Mag 마그네슘 L-트레온산 베지 캡슐 90정(캡슐당 48mg),Life Extension,46134.0,46134,"https://cloudinary.images-iherb.com/image/upload/f_auto,q_auto:eco/images/lex/lex16039/u/276.jpg",13
214,iHerb,LactoBif® 5 프로바이오틱 50억CFU 베지 캡슐 60정,California Gold Nutrition,13877.0,13877,"https://cloudinary.images-iherb.com/image/upload/f_auto,q_auto:eco/images/cgn/cgn00963/u/172.jpg",14
215,iHerb,Full Spectrum® 아슈와간다 비건 캡슐 100정(캡슐당 450mg),Swanson,10663.0,10663,"https://cloudinary.images-iherb.com/image/upload/f_auto,q_auto:eco/images/swv/swv01957/u/72.jpg",15
216,iHerb,마그네슘 캡슐 500 mg 100 베지 캡슐,Life Extension,13454.0,13454,"https://cloudinary.images-iherb.com/image/upload/f_auto,q_auto:eco/images/lex/lex14591/u/196.jpg",16
217,iHerb,아연 50mg 250정,NOW Foods,12898.0,12898,"https://cloudinary.images-iherb.com/image/upload/f_auto,q_auto:eco/images/now/now01522/u/48.jpg",17
218,iHerb,액상 요오드 플러스 요오드화 칼륨 & 요오드 함유 무맛 59ml(2fl oz),Life-flo,8622.0,8622,"https://cloudinary.images-iherb.com/image/upload/f_auto,q_auto:eco/images/lfh/lfh91547/u/145.jpg",18
219,iHerb,비타민D3 50mcg(2000IU) 피쉬 젤라틴 소프트젤 90정,California Gold Nutrition,6870.0,6870,"https://cloudinary.images-iherb.com/image/upload/f_auto,q_auto:eco/images/cgn/cgn01179/u/191.jpg",19
220,iHerb,고흡수 마그네슘 글리실산 350mg 베지 캡슐 120정,Solaray,19264.0,19264,"https://cloudinary.images-iherb.com/image/upload/f_auto,q_auto:eco/images/sor/sor54901/u/8.jpg",20
221,iHerb,비타민D3 + K2(MK-7) 베지 캡슐 180정,California Gold Nutrition,23066.0,23066,"https://cloudinary.images-iherb.com/image/upload/f_auto,q_auto:eco/images/cgn/cgn02333/u/63.jpg",21
222,iHerb,Alive! 모발 피부 & 손발톱 구미젤리 딸기 맛 구미젤리 60개,Nature's Way,14561.0,14561,"https://cloudinary.images-iherb.com/image/upload/f_auto,q_auto:eco/images/nwy/nwy11534/u/72.jpg",22
223,iHerb,OptiMSM 함유 MSM 1500mg 120정,Doctor's Best,12762.0,12762,"https://cloudinary.images-iherb.com/image/upload/f_auto,q_auto:eco/images/drb/drb00097/u/202.jpg",23
224,iHerb,철분 36mg 베지 캡슐 90정,NOW Foods,12088.0,12088,"https://cloudinary.images-iherb.com/image/upload/f_auto,q_auto:eco/images/now/now01444/u/32.jpg",24
225,iHerb,피콜린산 아연 50mg 베지 캡슐 120정,NOW Foods,14510.0,14510,"https://cloudinary.images-iherb.com/image/upload/f_auto,q_auto:eco/images/now/now01552/u/57.jpg",25
226,iHerb,l-아르기닌 1000mg 120정,NOW Foods,24203.0,24203,"https://cloudinary.images-iherb.com/image/upload/f_auto,q_auto:eco/images/now/now00035/u/32.jpg",26
227,iHerb,아연 50mg 100정,NOW Foods,6437.0,6437,"https://cloudinary.images-iherb.com/image/upload/f_auto,q_auto:eco/images/now/now01520/u/30.jpg",27
228,iHerb,비타민D3 + K2(MK-7) 베지 캡슐 60정,California Gold Nutrition,13122.0,13122,"https://cloudinary.images-iherb.com/image/upload/f_auto,q_auto:eco/images/cgn/cgn02332/u/78.jpg",28
229,iHerb,기본 영양소 2/데이 캡슐 60정,Thorne,48407.0,48407,"https://cloudinary.images-iherb.com/image/upload/f_auto,q_auto:eco/images/thr/thr00684/u/63.jpg",29
230,iHerb,비타민D3 125mcg(5000IU) 소프트젤 360정,Doctor's Best,13335.0,13335,"https://cloudinary.images-iherb.com/image/upload/f_auto,q_auto:eco/images/drb/drb00250/u/114.jpg",30
231,iHerb,비오틴 5000mcg 베지 캡슐 120정,NOW Foods,12435.0,12435,"https://cloudinary.images-iherb.com/image/upload/f_auto,q_auto:eco/images/now/now00474/u/27.jpg",31
232,iHerb,Albion® 마그네슘 글리신산 133mg 비건 캡슐 90정,Swanson,9382.0,9382,"https://cloudinary.images-iherb.com/image/upload/f_auto,q_auto:eco/images/swv/swv02073/u/72.jpg",32
233,iHerb,LactoBif® 100 프로바이오틱 1000억CFU 베지 캡슐 30정,California Gold Nutrition,32705.0,32705,"https://cloudinary.images-iherb.com/image/upload/f_auto,q_auto:eco/images/cgn/cgn01053/u/169.jpg",33
234,iHerb,C-1000 250정,NOW Foods,24209.0,24209,"https://cloudinary.images-iherb.com/image/upload/f_auto,q_auto:eco/images/now/now00682/u/23.jpg",34
235,iHerb,Dr. Formulated Probiotics 하루 1정 여성용 베지 캡슐 30정,Garden of Life,44541.0,44541,"https://cloudinary.images-iherb.com/image/upload/f_auto,q_auto:eco/images/gol/gol11832/u/28.jpg",35
236,iHerb,마그네슘 250mg 110정,21st Century,3809.0,3809,"https://cloudinary.images-iherb.com/image/upload/f_auto,q_auto:eco/images/cen/cen22713/u/85.jpg",36
237,iHerb,크랜베리 플러스 프로바이오틱 60정,21st Century,10128.0,10128,"https://cloudinary.images-iherb.com/image/upload/f_auto,q_auto:eco/images/cen/cen27848/u/128.jpg",37
238,iHerb,이노시톨 캡슐 500mg 베지 캡슐 100정,NOW Foods,10475.0,10475,"https://cloudinary.images-iherb.com/image/upload/f_auto,q_auto:eco/images/now/now00475/u/40.jpg",38
239,iHerb,영아용 비타민D3 드롭 10mcg(400IU) 10ml(0.34fl oz),California Gold Nutrition,10573.0,10573,"https://cloudinary.images-iherb.com/image/upload/f_auto,q_auto:eco/images/cgn/cgn01034/u/139.jpg",39
240,iHerb,고흡수 마그네슘 글리시네이트 350 베지 캡슐 160정,KAL,20995.0,20995,"https://cloudinary.images-iherb.com/image/upload/f_auto,q_auto:eco/images/cal/cal39022/u/48.jpg",40
241,iHerb,비타민C 구미젤리 250mg 100% 베타카로틴에서 추출한 비타민A 함유 식물성 구미젤리 90개,California Gold Nutrition,14907.0,14907,"https://cloudinary.images-iherb.com/image/upload/f_auto,q_auto:eco/images/cgn/cgn01092/u/226.jpg",41
242,iHerb,밀크시슬 추출물 300mg 베지 캡슐 200정,NOW Foods,30428.0,30428,"https://cloudinary.images-iherb.com/image/upload/f_auto,q_auto:eco/images/now/now04753/u/116.jpg",42
243,iHerb,아슈와간다 표준화 추출물 450mg 베지 캡슐 90정,NOW Foods,13703.0,13703,"https://cloudinary.images-iherb.com/image/upload/f_auto,q_auto:eco/images/now/now04603/u/83.jpg",43
244,iHerb,글루콘산칼륨 595 mg 110 타블릿,21st Century,5077.0,5077,"https://cloudinary.images-iherb.com/image/upload/f_auto,q_auto:eco/images/cen/cen21387/u/57.jpg",44
245,iHerb,마그네슘 글리신산 고흡수 베지 캡슐 240정,Solaray,33430.0,33430,"https://cloudinary.images-iherb.com/image/upload/f_auto,q_auto:eco/images/sor/sor89504/u/40.jpg",45
246,iHerb,Chlorofresh 액상 엽록소 민트 맛 480ml(16fl oz),Nature's Way,15679.0,15679,"https://cloudinary.images-iherb.com/image/upload/f_auto,q_auto:eco/images/nwy/nwy03501/u/54.jpg",46
247,iHerb,시트르산 아연 50mg 60정,21st Century,3461.0,3461,"https://cloudinary.images-iherb.com/image/upload/f_auto,q_auto:eco/images/cen/cen28026/u/8.jpg",47
248,iHerb,NMN 175mg 베지 캡슐 60정,California Gold Nutrition,21356.0,21356,"https://cloudinary.images-iherb.com/image/upload/f_auto,q_auto:eco/images/cgn/cgn01920/u/111.jpg",48
249,iHerb,통 차전자피 454g(16oz),NOW Foods,13554.0,13554,"https://cloudinary.images-iherb.com/image/upload/f_auto,q_auto:eco/images/now/now05981/u/9.jpg",49
250,iHerb,WellBetX® 베르베린 500mg 베지 캡슐 60정,Natural Factors,21752.0,21752,"https://cloudinary.images-iherb.com/image/upload/f_auto,q_auto:eco/images/nfs/nfs03544/u/83.jpg",50
251,iHerb,스포츠 크레아틴 일수화물 무맛 1kg(2.2lb),California Gold Nutrition,41619.0,41619,"https://cloudinary.images-iherb.com/image/upload/f_auto,q_auto:eco/images/cgn/cgn02521/u/22.jpg",51
252,iHerb,루테인 Lutemax 2020 20mg 소프트젤 180정,Doctor's Best,39490.0,39490,"https://cloudinary.images-iherb.com/image/upload/f_auto,q_auto:eco/images/drb/drb00370/u/83.jpg",52
253,iHerb,마그네슘 캡슐 400mg 베지 캡슐 180정,NOW Foods,17745.0,17745,"https://cloudinary.images-iherb.com/image/upload/f_auto,q_auto:eco/images/now/now01283/u/51.jpg",53
254,iHerb,PepZin GI® 아연 l-카르노신 복합체 베지 캡슐 120정,Doctor's Best,27495.0,27495,"https://cloudinary.images-iherb.com/image/upload/f_auto,q_auto:eco/images/drb/drb00136/u/82.jpg",54
255,iHerb,비타민D3 50mcg(2000IU) 피쉬 젤라틴 소프트젤 360정,California Gold Nutrition,18900.0,18900,"https://cloudinary.images-iherb.com/image/upload/f_auto,q_auto:eco/images/cgn/cgn01180/u/202.jpg",55
256,iHerb,마그네슘 함유 액상 칼슘 천연 오렌지 맛 474 ml(16fl oz),ChildLife Essentials,32319.0,32319,"https://cloudinary.images-iherb.com/image/upload/f_auto,q_auto:eco/images/cdl/cdl10700/u/79.jpg",56
257,iHerb,테스토스테론 부스터 60정,SIXSTAR,16310.0,16310,"https://cloudinary.images-iherb.com/image/upload/f_auto,q_auto:eco/images/msc/msc60311/u/79.jpg",57
258,iHerb,NMN 175mg 베지 캡슐 180정,California Gold Nutrition,56727.0,56727,"https://cloudinary.images-iherb.com/image/upload/f_auto,q_auto:eco/images/cgn/cgn02335/u/30.jpg",58
259,iHerb,메틸 B-12 1000mcg 로렌지 사탕 100정,NOW Foods,10473.0,10473,"https://cloudinary.images-iherb.com/image/upload/f_auto,q_auto:eco/images/now/now00495/u/69.jpg",59
260,iHerb,기본 B 복합체 캡슐 60정,Thorne,37017.0,37017,"https://cloudinary.images-iherb.com/image/upload/f_auto,q_auto:eco/images/thr/thr10403/u/54.jpg",60
261,iHerb,마그네슘시트레이트 베지 캡슐 120정(캡슐 1정당 133mg),NOW Foods,16128.0,16128,"https://cloudinary.images-iherb.com/image/upload/f_auto,q_auto:eco/images/now/now01294/u/77.jpg",61
262,iHerb,Immunity 아스코르브산 나트륨 결정질 분말 227g(8oz),NutriBiotic,13409.0,13409,"https://cloudinary.images-iherb.com/image/upload/f_auto,q_auto:eco/images/nbc/nbc00450/u/69.jpg",62
263,iHerb,징크피콜리네이트 15mg 캡슐 60정,Thorne,19932.0,19932,"https://cloudinary.images-iherb.com/image/upload/f_auto,q_auto:eco/images/thr/thr21002/u/37.jpg",63
264,iHerb,칼슘 마그네슘 아연 비타민D3 함유 코팅 정제 100정,Nature's Bounty,8977.0,8977,"https://cloudinary.images-iherb.com/image/upload/f_auto,q_auto:eco/images/nrt/nrt04290/u/63.jpg",64
265,iHerb,액상 비타민C 천연 오렌지 맛 118ml(4fl oz),ChildLife Essentials,12215.0,12215,"https://cloudinary.images-iherb.com/image/upload/f_auto,q_auto:eco/images/cdl/cdl10200/u/117.jpg",65
266,iHerb,Kinoko® 플래티넘 AHCC® 750mg 베지 캡슐 60정,Quality of Life,100049.0,100049,"https://cloudinary.images-iherb.com/image/upload/f_auto,q_auto:eco/images/qll/qll00337/u/70.jpg",66
267,iHerb,Hema-Plex 건강한 적혈구를 위한 필수 영양소가 함유된 철분 서방정 60정,NaturesPlus,23645.0,23645,"https://cloudinary.images-iherb.com/image/upload/f_auto,q_auto:eco/images/nap/nap03762/u/10.jpg",67
268,iHerb,액상 엽록소 천연 민트 향 473ml(16fl oz),NOW Foods,21791.0,21791,"https://cloudinary.images-iherb.com/image/upload/f_auto,q_auto:eco/images/now/now02644/u/68.jpg",68
269,iHerb,알파리포산 600 600mg 베지 캡슐 60정,Doctor's Best,19353.0,19353,"https://cloudinary.images-iherb.com/image/upload/f_auto,q_auto:eco/images/drb/drb00133/u/123.jpg",69
270,iHerb,글리신 1000 mg 베지 캡슐 100정,NOW Foods,13705.0,13705,"https://cloudinary.images-iherb.com/image/upload/f_auto,q_auto:eco/images/now/now00107/u/27.jpg",70
271,iHerb,타우린 1000mg 베지 캡슐 100정,NOW Foods,11283.0,11283,"https://cloudinary.images-iherb.com/image/upload/f_auto,q_auto:eco/images/now/now00142/u/54.jpg",71
272,iHerb,Camilia® 이앓이 통증 완화제 1개월 이상 30회분 각 1ml(0.034fl oz),Boiron,17140.0,17140,"https://cloudinary.images-iherb.com/image/upload/f_auto,q_auto:eco/images/boi/boi05409/u/99.jpg",72
273,iHerb,모발 성장 보충제 60정,Viviscal,60202.0,60202,"https://cloudinary.images-iherb.com/image/upload/f_auto,q_auto:eco/images/viv/viv00038/u/10.jpg",73
274,iHerb,비오틴 10000mcg 120정,21st Century,11419.0,11419,"https://cloudinary.images-iherb.com/image/upload/f_auto,q_auto:eco/images/cen/cen27757/u/61.jpg",74
275,iHerb,프로바이오틱-10 250억 베지 캡슐 100정,NOW Foods,40342.0,40342,"https://cloudinary.images-iherb.com/image/upload/f_auto,q_auto:eco/images/now/now02933/u/45.jpg",75
276,iHerb,원 데일리 남성 건강 100정,21st Century,7639.0,7639,"https://cloudinary.images-iherb.com/image/upload/f_auto,q_auto:eco/images/cen/cen27305/u/87.jpg",76
277,iHerb,비건 메틸 엽산 400mcg 베지 캡슐 60정,Jarrow Formulas,12917.0,12917,"https://cloudinary.images-iherb.com/image/upload/f_auto,q_auto:eco/images/jrw/jrw30006/u/117.jpg",77
278,iHerb,Alive! 어린이용 프리미엄 구미젤리 종합비타민 체리 포도 오렌지 맛 구미젤리 90개,Nature's Way,19338.0,19338,"https://cloudinary.images-iherb.com/image/upload/f_auto,q_auto:eco/images/nwy/nwy15789/u/44.jpg",78
279,iHerb,어린이용 DHA™ 구미젤리 츄 만 3세 이상 트로피컬 펀치 구미젤리 30개(구미젤리 1개당 355mg),Nordic Naturals,26567.0,26567,"https://cloudinary.images-iherb.com/image/upload/f_auto,q_auto:eco/images/nor/nor01709/u/87.jpg",79
280,iHerb,OptiMSM 함유 글루코사민 콘드로이틴 MSM 베지 캡슐 240정,Doctor's Best,38736.0,38736,"https://cloudinary.images-iherb.com/image/upload/f_auto,q_auto:eco/images/drb/drb00081/u/121.jpg",80
281,iHerb,칼슘 마그네슘 아연 + D3 250정,21st Century,13966.0,13966,"https://cloudinary.images-iherb.com/image/upload/f_auto,q_auto:eco/images/cen/cen28048/u/13.jpg",81
282,iHerb,피콜린산 아연 22mg 캡슐 60정,Swanson,5396.0,5396,"https://cloudinary.images-iherb.com/image/upload/f_auto,q_auto:eco/images/swv/swv11113/u/56.jpg",82
283,iHerb,비타민D + K2 30ml(1fl oz),Thorne,45560.0,45560,"https://cloudinary.images-iherb.com/image/upload/f_auto,q_auto:eco/images/thr/thr50001/u/107.jpg",83
284,iHerb,투 퍼 데이 종합비타민 V2 캡슐 120정,Life Extension,28598.0,28598,"https://cloudinary.images-iherb.com/image/upload/f_auto,q_auto:eco/images/lex/lex01001/u/25.jpg",84
285,iHerb,글루코사민 콘드로이틴 MSM 베지 캡슐 360정,Doctor's Best,58092.0,58092,"https://cloudinary.images-iherb.com/image/upload/f_auto,q_auto:eco/images/drb/drb00364/u/116.jpg",85
286,iHerb,옵티마이즈드 아슈와간다 베지 캡슐 60정(캡슐 1정당 125mg),Life Extension,11212.0,11212,"https://cloudinary.images-iherb.com/image/upload/f_auto,q_auto:eco/images/lex/lex88806/u/102.jpg",86
287,iHerb,D3 + K2 식물성 125mcg/100mcg 베지 소프트젤 60정,Sports Research,37435.0,37435,"https://cloudinary.images-iherb.com/image/upload/f_auto,q_auto:eco/images/sre/sre01134/u/86.jpg",87
288,iHerb,메가D-3 및 MK-7 120정,NOW Foods,37113.0,37113,"https://cloudinary.images-iherb.com/image/upload/f_auto,q_auto:eco/images/now/now00386/u/8.jpg",88
289,iHerb,글루코사민 콘드로이틴 MSM 플러스 히알루론산 베지 캡슐 120정,California Gold Nutrition,25530.0,25530,"https://cloudinary.images-iherb.com/image/upload/f_auto,q_auto:eco/images/cgn/cgn01071/u/95.jpg",89
290,iHerb,LactoBif® 65 프로바이오틱 베지 캡슐 30정,California Gold Nutrition,25233.0,25233,"https://cloudinary.images-iherb.com/image/upload/f_auto,q_auto:eco/images/cgn/cgn01904/u/118.jpg",90
291,iHerb,유기농 치아 씨 340g(12oz),Mamma Chia,8429.0,8429,"https://cloudinary.images-iherb.com/image/upload/f_auto,q_auto:eco/images/mch/mch00233/u/14.jpg",91
292,iHerb,LactoBif® 5 프로바이오틱 50억CFU 베지 캡슐 120정,California Gold Nutrition,24268.0,24268,"https://cloudinary.images-iherb.com/image/upload/f_auto,q_auto:eco/images/cgn/cgn02522/u/21.jpg",92
293,iHerb,바다 요오드 함유 비타민D 및 K 캡슐 60정,Life Extension,26909.0,26909,"https://cloudinary.images-iherb.com/image/upload/f_auto,q_auto:eco/images/lex/lex20406/u/85.jpg",93
294,iHerb,비타민D3 + K2 대두 무함유 베지 캡슐 60정,Solaray,16724.0,16724,"https://cloudinary.images-iherb.com/image/upload/f_auto,q_auto:eco/images/sor/sor38584/u/78.jpg",94
295,iHerb,Purr 질 프로바이오틱 구미젤리 파인애플 구미젤리 60개,Lemme,42712.0,42712,"https://cloudinary.images-iherb.com/image/upload/f_auto,q_auto:eco/images/lmm/lmm54912/u/8.jpg",95
296,iHerb,NAD+ Cell Regenerator 100mg 베지 캡슐 30정,Life Extension,26909.0,26909,"https://cloudinary.images-iherb.com/image/upload/f_auto,q_auto:eco/images/lex/lex19043/u/67.jpg",96
297,iHerb,유기농 강황 커큐민 베지 캡슐 180정,NatureWise,32297.0,32297,"https://cloudinary.images-iherb.com/image/upload/f_auto,q_auto:eco/images/ntw/ntw00611/u/43.jpg",97
298,iHerb,고흡수 CoQ10 100mg 소프트젤 120정,Doctor's Best,24958.0,24958,"https://cloudinary.images-iherb.com/image/upload/f_auto,q_auto:eco/images/drb/drb00183/u/131.jpg",98
299,iHerb,C-1000 100정,NOW Foods,11285.0,11285,"https://cloudinary.images-iherb.com/image/upload/f_auto,q_auto:eco/images/now/now00680/u/25.jpg",99
300,iHerb,표준화된 아슈와간다 추출물 450mg 베지 캡슐 180정,NOW Foods,20740.0,20740,"https://cloudinary.images-iherb.com/image/upload/f_auto,q_auto:eco/images/now/now04593/u/27.jpg",100
301,Kakao Gift,"""독일 명품 비타민"" 오쏘몰 이뮨 멀티비타민&미네랄 8입(7+1) - 추석 기획팩 (공식수입)",오쏘몰,34000.0,34000,https://img1.kakaocdn.net/thumb/C320x320@2x.fwebp.q82/?fname=https%3A%2F%2Fst.kakaocdn.net%2Fproduct%2Fgift%2Fproduct%2F20250922085259_f5ca7c118084405b9049904783bff24e.jpg,1
302,Kakao Gift,"""면역력 선물"" [정관장] 에브리타임 레귤러 (10ml x 30포) _ 대한민국 명품 홍삼정농축액 함유",정관장,59900.0,55000,https://img1.kakaocdn.net/thumb/C320x320@2x.fwebp.q82/?fname=https%3A%2F%2Fst.kakaocdn.net%2Fproduct%2Fgift%2Fproduct%2F20250911095259_67289e883bf849febf376cfdfa7742e5.jpg,2
303,Kakao Gift,"""한국인 맞춤 비타민"" 옵티젠 이뮨 멀티비타민&미네랄 10입+1입 / 1박스 (+1입추가 & 쇼핑백 GIFT)",옵티젠,29900.0,29900,https://img1.kakaocdn.net/thumb/C320x320@2x.fwebp.q82/?fname=https%3A%2F%2Fst.kakaocdn.net%2Fproduct%2Fgift%2Fproduct%2F20250922090047_c4e1c3f6aa8c40ed8925d4ce95018890.jpg,3
304,Kakao Gift,"""독일 명품 비타민"" 오쏘몰 이뮨 멀티비타민&미네랄 30입 - 추석 기획팩 (공식수입)",오쏘몰,99000.0,99000,https://img1.kakaocdn.net/thumb/C320x320@2x.fwebp.q82/?fname=https%3A%2F%2Fst.kakaocdn.net%2Fproduct%2Fgift%2Fproduct%2F20250922085104_c08e212fd58e45adae511c9ad7294f20.jpg,4
305,Kakao Gift,[정관장] 에브리타임 샷 (20ml x 30병) _ 대한민국 명품 홍삼정농축액 함유,정관장,69900.0,66400,https://img1.kakaocdn.net/thumb/C320x320@2x.fwebp.q82/?fname=https%3A%2F%2Fst.kakaocdn.net%2Fproduct%2Fgift%2Fproduct%2F20250926093952_bd97a8a3acc046a78ac1ae19e002a240.jpg,5
306,Kakao Gift,"""에너지선물"" [정관장] 활기력 에너지박스 (20ml x 20병)",정관장,39900.0,39900,https://img1.kakaocdn.net/thumb/C320x320@2x.fwebp.q82/?fname=https%3A%2F%2Fst.kakaocdn.net%2Fproduct%2Fgift%2Fproduct%2F20240709102504_a400bd1f9c81422c9b0926152f79ba88.jpg,6
307,Kakao Gift,"""독일 명품 비타민"" 오쏘몰 이뮨 멀티비타민&미네랄 21입 - 추석 기획팩 (공식수입)",오쏘몰,79000.0,79000,https://img1.kakaocdn.net/thumb/C320x320@2x.fwebp.q82/?fname=https%3A%2F%2Fst.kakaocdn.net%2Fproduct%2Fgift%2Fproduct%2F20250417134407_12e23d0c557e48c08a89986366e63791.jpg,7
308,Kakao Gift,"[정관장] 활기력부스터 박스 (400mg x 20정 + 20ml x 20병,이중복합제형)",정관장,58500.0,53000,https://img1.kakaocdn.net/thumb/C320x320@2x.fwebp.q82/?fname=https%3A%2F%2Fst.kakaocdn.net%2Fproduct%2Fgift%2Fproduct%2F20250929110058_240cda8b13d949eea21547035ed5b4fa.jpg,8
309,Kakao Gift,[센트룸] 맛있는 멀티비타민 미네랄 구미 (80구미),센트룸,23000.0,23000,https://img1.kakaocdn.net/thumb/C320x320@2x.fwebp.q82/?fname=https%3A%2F%2Fst.kakaocdn.net%2Fproduct%2Fgift%2Fproduct%2F20250912105920_cba01ec6472b419f8c5d35ad9e2d367a.jpg,9
310,Kakao Gift,"""명품 비타민"" 뉴트리포유 듀얼+ 이뮨 종합 멀티비타민&미네랄 7입+2입 추가 증정 - 선물하기 단독 에디션",건강식품,19900.0,19900,https://img1.kakaocdn.net/thumb/C320x320@2x.fwebp.q82/?fname=https%3A%2F%2Fst.kakaocdn.net%2Fproduct%2Fgift%2Fproduct%2F20250922155835_135391b3126d4e19820118dc8a792c49.jpg,10
311,Kakao Gift,"""간건강+스트레스 피로개선""옵티젠 바이탈 밀크씨슬&비타민(B,C,D,E) 10입 / 1박스 (+쇼핑백&키링)",옵티젠,29900.0,29900,https://img1.kakaocdn.net/thumb/C320x320@2x.fwebp.q82/?fname=https%3A%2F%2Fst.kakaocdn.net%2Fproduct%2Fgift%2Fproduct%2F20250919183616_a8005a7e1dd647c5bfbf2be67111e01e.jpg,11
312,Kakao Gift,"""당신을 위한 면역력"" 원기담 6년근 홍삼정 활력 20gx20병_2025 추석 에디션 포장",원기담,29500.0,29500,https://img1.kakaocdn.net/thumb/C320x320@2x.fwebp.q82/?fname=https%3A%2F%2Fst.kakaocdn.net%2Fproduct%2Fgift%2Fproduct%2F20250922135630_7ab73560daf34a34ae445e1bd6165231.jpg,12
313,Kakao Gift,"[추천GIFT] ""활력과 기력이 필요한 당신"" 6년근 홍삼 활기담 홍삼 앰플 30병 (쇼핑백)_건강기능식품 (+키링)",려원담,50000.0,50000,https://img1.kakaocdn.net/thumb/C320x320@2x.fwebp.q82/?fname=https%3A%2F%2Fst.kakaocdn.net%2Fproduct%2Fgift%2Fproduct%2F20250925173225_3da290d5accb4738a9236efeaab926fb.jpg,13
314,Kakao Gift,"""에너지선물"" [정관장] 활기력 맥스 에너지박스 (20ml x 16병)",정관장,39900.0,37900,https://img1.kakaocdn.net/thumb/C320x320@2x.fwebp.q82/?fname=https%3A%2F%2Fst.kakaocdn.net%2Fproduct%2Fgift%2Fproduct%2F20250822104119_c79e8bd2d6c949ebaab5babff80cf75a.jpg,14
315,Kakao Gift,[정관장] 에브리타임 (10ml x 30포) _ 대한민국 명품 홍삼,정관장,102000.0,92000,https://img1.kakaocdn.net/thumb/C320x320@2x.fwebp.q82/?fname=https%3A%2F%2Fst.kakaocdn.net%2Fproduct%2Fgift%2Fproduct%2F20250911102608_c973ad48b2bb4d54a3a6e46a60a34a13.jpg,15
316,Kakao Gift,오쏘몰 이뮨 멀티비타민&미네랄 10입 + 카카오 단독 슬리브 포장 (공식수입),오쏘몰,48000.0,48000,https://img1.kakaocdn.net/thumb/C320x320@2x.fwebp.q82/?fname=https%3A%2F%2Fst.kakaocdn.net%2Fproduct%2Fgift%2Fproduct%2F20250905171758_013b5faee3c742e1845f7c835e388c81.jpg,16
317,Kakao Gift,"""단독/쇼핑백"" 아임비타 멀티비타민 이뮨샷 1박스(10입) + 추석 힐링굿즈 / 마시는 액상비타민 부모님 직장인 수험생 선물 추석 배쓰밤",종근당건강,29900.0,29900,https://img1.kakaocdn.net/thumb/C320x320@2x.fwebp.q82/?fname=https%3A%2F%2Fst.kakaocdn.net%2Fproduct%2Fgift%2Fproduct%2F20250925151406_856c4844d57c49cdb18c0b7e07949978.jpg,17
318,Kakao Gift,[정관장] 에브리타임 샷 (20ml x 20병) _ 대한민국 명품 홍삼정농축액 함유,정관장,50000.0,47200,https://img1.kakaocdn.net/thumb/C320x320@2x.fwebp.q82/?fname=https%3A%2F%2Fst.kakaocdn.net%2Fproduct%2Fgift%2Fproduct%2F20250911102423_76562725fddb4dd3b783f7571bf3181e.jpg,18
319,Kakao Gift,"""한국인 맞춤 비타민"" 옵티젠 이뮨 멀티비타민&미네랄 / 옵티마 리프레쉬 마그네슘&징코플러스/ 바이탈 밀크씨슬&비타민 (7입) 택1 (+키링&쇼핑백)",옵티젠,27900.0,24000,https://img1.kakaocdn.net/thumb/C320x320@2x.fwebp.q82/?fname=https%3A%2F%2Fst.kakaocdn.net%2Fproduct%2Fgift%2Fproduct%2F20250922100906_2435029d249f496dbb78b2e7da6b2831.jpg,19
320,Kakao Gift,"""독일 오쏘몰 신제품"" 오쏘몰 바이탈 m/f 남성/여성 선택가능 14입 + 이뮨 1입 추가 증정 - 추석 기획팩 (공식수입)",오쏘몰,59800.0,59800,https://img1.kakaocdn.net/thumb/C320x320@2x.fwebp.q82/?fname=https%3A%2F%2Fst.kakaocdn.net%2Fproduct%2Fgift%2Fproduct%2F20250926164722_2a2f258c5c8240e097f172334e2c70db.jpg,20
321,Kakao Gift,[정관장] 에브리타임 샷 코어 (20ml x 30병) _ 대한민국 명품 홍삼,정관장(LuX),129000.0,103000,https://img1.kakaocdn.net/thumb/C320x320@2x.fwebp.q82/?fname=https%3A%2F%2Fst.kakaocdn.net%2Fproduct%2Fgift%2Fproduct%2F20250911100209_cd13dad079e2418cab9edc2d98d4d60c.jpeg,21
322,Kakao Gift,"""본품+2병증정"" GNM 올인원 이뮨 액상 종합비타민 2박스 (총 14+2병) / 멀티비타민 이뮨비타민 부모님 직장인 선물",GNM자연의품격,32900.0,32900,https://img1.kakaocdn.net/thumb/C320x320@2x.fwebp.q82/?fname=https%3A%2F%2Fst.kakaocdn.net%2Fproduct%2Fgift%2Fproduct%2F20250804085834_044f2cb3a0e046cfa6f4cda27ff92429.jpg,22
323,Kakao Gift,"""면역력 증진"" 정원삼 6년근 고려홍삼정 365스틱 30포",정원삼,27800.0,27800,https://img1.kakaocdn.net/thumb/C320x320@2x.fwebp.q82/?fname=https%3A%2F%2Fst.kakaocdn.net%2Fproduct%2Fgift%2Fproduct%2F20250515235516_d15115b9c0be437fb1039486f2a305ef.jpg,23
324,Kakao Gift,"""한판에 멀티비타민+밀크씨슬+루테인+알티지오메가3"" GNM 올인원 뉴트리션 비타민 1박스/ 부모님 직장인 선물",GNM자연의품격,34900.0,34900,https://img1.kakaocdn.net/thumb/C320x320@2x.fwebp.q82/?fname=https%3A%2F%2Fst.kakaocdn.net%2Fproduct%2Fgift%2Fproduct%2F20250929091031_045ad754d50940bc953189b1191bc55a.jpg,24
325,Kakao Gift,"""올인원 명품비타민"" 이뮨 멀티비타민 미네랄 7+2입 마시는 액상 종합 비타민 수험생 직장인 추석 부모님 건강",종근당,23800.0,21400,https://img1.kakaocdn.net/thumb/C320x320@2x.fwebp.q82/?fname=https%3A%2F%2Fst.kakaocdn.net%2Fproduct%2Fgift%2Fproduct%2F20250924144737_595e1ab23732456d9d36a36c84af60f9.jpg,25
326,Kakao Gift,"""진세노 10mg✨"" [단독에디션] 춘식이가 응원해! 힘내라 홍삼정 6년근 홍삼스틱 30포 1박스/생일 축하 졸업 입학 응원",설혜담,18900.0,18900,https://img1.kakaocdn.net/thumb/C320x320@2x.fwebp.q82/?fname=https%3A%2F%2Fst.kakaocdn.net%2Fproduct%2Fgift%2Fproduct%2F20250915103629_6d80cd325c38489897a5d79bee1287d1.jpg,26
327,Kakao Gift,"""하루1병 건강관리"" 한삼인 홍삼진 굿데이앰플 20병+선물포장(쇼핑백)+감사카드증정+리뷰 스벅쿠폰//직장인선물",농협-한삼인,29800.0,29800,https://img1.kakaocdn.net/thumb/C320x320@2x.fwebp.q82/?fname=https%3A%2F%2Fst.kakaocdn.net%2Fproduct%2Fgift%2Fproduct%2F20250918105729_4fa2d2323d1247b68191212760f92658.jpg,27
328,Kakao Gift,"""보자기포장"" [정관장] 에브리타임 소프트 보자기 (10ml x 30포) _ 대한민국 명품 홍삼",정관장,77000.0,65500,https://img1.kakaocdn.net/thumb/C320x320@2x.fwebp.q82/?fname=https%3A%2F%2Fst.kakaocdn.net%2Fproduct%2Fgift%2Fproduct%2F20240411145000_c63bfbd06e484372b02497cbb274a09e.jpg,28
329,Kakao Gift,"""명품 비타민"" 뉴트리포유 듀얼+ 이뮨 종합 멀티비타민&미네랄 10입+2입 추가 증정 - 선물하기 단독 혜택",건강식품,29900.0,29900,https://img1.kakaocdn.net/thumb/C320x320@2x.fwebp.q82/?fname=https%3A%2F%2Fst.kakaocdn.net%2Fproduct%2Fgift%2Fproduct%2F20250522111020_5db4d13d11b9437196a3a40c44ca4a9a.jpg,29
330,Kakao Gift,[정관장] 활기력 (20ml x 10병),정관장,29000.0,29000,https://img1.kakaocdn.net/thumb/C320x320@2x.fwebp.q82/?fname=https%3A%2F%2Fst.kakaocdn.net%2Fproduct%2Fgift%2Fproduct%2F20250707082607_8bbbfe2e4a3641e3996324de4c0e3909.jpeg,30
331,Kakao Gift,[카카오 단독 추석 패키지 증정] 센트룸 Best 멀티비타민 6종 택1 (맨/우먼/칼슘+D/에너지B),센트룸,27000.0,27000,https://img1.kakaocdn.net/thumb/C320x320@2x.fwebp.q82/?fname=https%3A%2F%2Fst.kakaocdn.net%2Fproduct%2Fgift%2Fproduct%2F20250912110434_9ca983962c574515aca09f834dc3d93c.jpg,31
332,Kakao Gift,"""건강선물 추천"" 영국에서 온 프리미엄 비타민 홀랜드앤바렛 영양제 3종 세트 (필케이스 증정)+ 오간자 선물포장",홀랜드앤바렛,34500.0,34500,https://img1.kakaocdn.net/thumb/C320x320@2x.fwebp.q82/?fname=https%3A%2F%2Fst.kakaocdn.net%2Fproduct%2Fgift%2Fproduct%2F20250923092937_2e8a84fe076e4da795e16f6bf9a46e1b.jpg,32
333,Kakao Gift,"""하루 한포 건강"" [단독] 배를 품은 도라지스틱 30포x12g 국산 도라지,배 함유! (+약과메모잇)",위블리즈,19800.0,19800,https://img1.kakaocdn.net/thumb/C320x320@2x.fwebp.q82/?fname=https%3A%2F%2Fst.kakaocdn.net%2Fproduct%2Fgift%2Fproduct%2F20250919184556_a3e96e70a80d4fe9a51e3d0813d52860.jpg,33
334,Kakao Gift,"""선물하기 1등 콜라겐"" 아일로 타입1 콜라겐 비오틴 앰플 28일분 달항아리 기프트 세트 (본품+달항아리 포장+쇼핑백)",아일로,59900.0,59900,https://img1.kakaocdn.net/thumb/C320x320@2x.fwebp.q82/?fname=https%3A%2F%2Fst.kakaocdn.net%2Fproduct%2Fgift%2Fproduct%2F20250912142247_90fa489e3e76482ea26b91c66758f4f0.jpg,34
335,Kakao Gift,"""독일 명품 비타민"" 오쏘몰 이뮨 멀티비타민&미네랄 60입 - NEW 시그니처 기획팩 (공식수입)",오쏘몰,187000.0,187000,https://img1.kakaocdn.net/thumb/C320x320@2x.fwebp.q82/?fname=https%3A%2F%2Fst.kakaocdn.net%2Fproduct%2Fgift%2Fproduct%2F20250922093051_947090e88508410eb55c1093fe47479c.jpg,35
336,Kakao Gift,[정관장] 아미노 활기력샷 (20ml x 30병),정관장,49000.0,49000,https://img1.kakaocdn.net/thumb/C320x320@2x.fwebp.q82/?fname=https%3A%2F%2Fst.kakaocdn.net%2Fproduct%2Fgift%2Fproduct%2F20250929091906_ed6ebf6d9358421cb05c3acb504eb352.jpg,36
337,Kakao Gift,"""독일 오쏘몰 신제품"" 오쏘몰 바이탈 m/f 남성/여성 선택가능 30입 - 추석 기획팩 (공식수입)",오쏘몰,99000.0,99000,https://img1.kakaocdn.net/thumb/C320x320@2x.fwebp.q82/?fname=https%3A%2F%2Fst.kakaocdn.net%2Fproduct%2Fgift%2Fproduct%2F20250922092340_48df9311d33c46878e02c1a1caa800ab.jpg,37
338,Kakao Gift,"""지삼(地蔘)"" [정관장] 에브리타임 리미티드 (10ml x 30포) _ 대한민국 명품 홍삼",정관장(LuX),133000.0,123000,https://img1.kakaocdn.net/thumb/C320x320@2x.fwebp.q82/?fname=https%3A%2F%2Fst.kakaocdn.net%2Fproduct%2Fgift%2Fproduct%2F20250911101344_c1070cd34e45421a80fa8a65764067d4.jpg,38
339,Kakao Gift,[정관장] 활기력부스터 3X (30입) [홍삼&고함량비타민&미네랄],정관장(LuX),125000.0,110000,https://img1.kakaocdn.net/thumb/C320x320@2x.fwebp.q82/?fname=https%3A%2F%2Fst.kakaocdn.net%2Fproduct%2Fgift%2Fproduct%2F20250903151450_defd4827653843539e5e9da50a817a50.jpg,39
340,Kakao Gift,"""고함량 비타민C"" 고려은단 메가도스C 3000 100포 / 분말비타민C",고려은단,24900.0,24900,https://img1.kakaocdn.net/thumb/C320x320@2x.fwebp.q82/?fname=https%3A%2F%2Fst.kakaocdn.net%2Fproduct%2Fgift%2Fproduct%2F20250923120548_190dfc3e654b44c3a77698419e5f1162.jpg,40
341,Kakao Gift,"""올인원 명품비타민"" 이뮨 종합 멀티비타민 14+2입 미네랄 이뮨비타민 수험생 직장인 부모님 건강",종근당,45500.0,39800,https://img1.kakaocdn.net/thumb/C320x320@2x.fwebp.q82/?fname=https%3A%2F%2Fst.kakaocdn.net%2Fproduct%2Fgift%2Fproduct%2F20250929163759_90a4025c2f3443d581052c07af75f345.jpg,41
342,Kakao Gift,"""선물하기 1등 비타민젤리"" 노티드 비타민 꾸미 선물세트 단독에디션(120구미) + 스크래치쿠폰 + 쇼핑백 증정 / 멀티비타민",노티드(건강),30000.0,30000,https://img1.kakaocdn.net/thumb/C320x320@2x.fwebp.q82/?fname=https%3A%2F%2Fst.kakaocdn.net%2Fproduct%2Fgift%2Fproduct%2F20250917104850_2095e048a29b420a88a98b8578e903c5.jpg,42
343,Kakao Gift,"""단독/2입추가증정"" 이뮨 멀티비타민 10+2입 마시는 액상 종합 비타민 수험생 직장인 추석 부모님 건강",종근당,29900.0,29900,https://img1.kakaocdn.net/thumb/C320x320@2x.fwebp.q82/?fname=https%3A%2F%2Fst.kakaocdn.net%2Fproduct%2Fgift%2Fproduct%2F20250919132116_d39fe58b343f442d8de1dc591ccaed58.jpg,43
344,Kakao Gift,침향환 골드 침향 60환 1세트,종근당,69500.0,59000,https://img1.kakaocdn.net/thumb/C320x320@2x.fwebp.q82/?fname=https%3A%2F%2Fst.kakaocdn.net%2Fproduct%2Fgift%2Fproduct%2F20250717161655_483846c07ca04a35be51e7dac042c753.jpg,44
345,Kakao Gift,[센트룸] 맛있는 멀티비타민 미네랄 구미 (40구미),센트룸,15000.0,15000,https://img1.kakaocdn.net/thumb/C320x320@2x.fwebp.q82/?fname=https%3A%2F%2Fst.kakaocdn.net%2Fproduct%2Fgift%2Fproduct%2F20250219135525_5f161bbcd57047e686e880573275c4c9.jpg,45
346,Kakao Gift,"""면역력과 피로개선 필요한 당신"" 6년근 홍삼정 에버타임 홍삼 스틱 30포 (쇼핑백)_ (+키링)",려원담,29800.0,29800,https://img1.kakaocdn.net/thumb/C320x320@2x.fwebp.q82/?fname=https%3A%2F%2Fst.kakaocdn.net%2Fproduct%2Fgift%2Fproduct%2F20250925173256_e3e485644a7c4d2abdf97fc60be50230.jpg,46
347,Kakao Gift,"""명품비타민"" 올인원 종합비타민 이뮨샷 2박스(14병/2주분) +쇼핑백&2병&감사엽서&인센스 증정 / 멀티비타민&미네랄&명품비타민",뉴트리원,32900.0,32900,https://img1.kakaocdn.net/thumb/C320x320@2x.fwebp.q82/?fname=https%3A%2F%2Fst.kakaocdn.net%2Fproduct%2Fgift%2Fproduct%2F20250919144153_826b22b3856c4ea8b1359a35501d8103.jpg,47
348,Kakao Gift,[정관장] 활기력 (20ml x 30병),정관장,82000.0,82000,https://img1.kakaocdn.net/thumb/C320x320@2x.fwebp.q82/?fname=https%3A%2F%2Fst.kakaocdn.net%2Fproduct%2Fgift%2Fproduct%2F20250707082926_97f1216ac7da41db8db3d21ce2023936.jpeg,48
349,Kakao Gift,[정관장] 에브리타임 레귤러 리본포장 (10ml x 30포),정관장,58000.0,58000,https://img1.kakaocdn.net/thumb/C320x320@2x.fwebp.q82/?fname=https%3A%2F%2Fst.kakaocdn.net%2Fproduct%2Fgift%2Fproduct%2F20250923105043_e12723ae94ae46d287f3e2d7c9ffbd01.jpg,49
350,Kakao Gift,"""선물 쇼핑백 증정"" [광동]""선물 만족도 98% ""비타500데일리스틱 2g*30포",광동생활건강,9900.0,9900,https://img1.kakaocdn.net/thumb/C320x320@2x.fwebp.q82/?fname=https%3A%2F%2Fst.kakaocdn.net%2Fproduct%2Fgift%2Fproduct%2F20250919112331_4a2e0909b2a04f2ebf05edb2ba67cec8.jpg,50
351,Kakao Gift,"""명품 비타민"" 뉴트리포유 듀얼+ 이뮨 종합 멀티비타민&미네랄 30+6입 추석 한정판 - 카카오 단독 기획팩",건강식품,58900.0,58900,https://img1.kakaocdn.net/thumb/C320x320@2x.fwebp.q82/?fname=https%3A%2F%2Fst.kakaocdn.net%2Fproduct%2Fgift%2Fproduct%2F20250920180730_45e3dd01ae0c439b977d134d3dad242f.jpg,51
352,Kakao Gift,"""조정석 비타민"" GNM 올인원 이뮨 액상 종합비타민 1박스 (총 7병) / 이뮨샷 멀티비타민 이뮨비타민 부모님 직장인 수험생 선물",GNM자연의품격,19900.0,19900,https://img1.kakaocdn.net/thumb/C320x320@2x.fwebp.q82/?fname=https%3A%2F%2Fst.kakaocdn.net%2Fproduct%2Fgift%2Fproduct%2F20250723151723_447dfff95c3049a4817b8135e5d594b6.jpg,52
353,Kakao Gift,"""선물하기 1등 비타민젤리"" 노티드 비타민 꾸미 (60구미) + 스크래치쿠폰 + 쇼핑백 증정 / 멀티비타민 비타민C D 유산균",노티드(건강),17900.0,17900,https://img1.kakaocdn.net/thumb/C320x320@2x.fwebp.q82/?fname=https%3A%2F%2Fst.kakaocdn.net%2Fproduct%2Fgift%2Fproduct%2F20250917104908_d5cddcfcb1124c4a9cd638081dd555d0.jpg,53
354,Kakao Gift,"""100일의 면역력"" 6년근 홍삼정 에버타임 스탠다드 홍삼 스틱 100포 (원통)_ (+키링)",려원담,37800.0,37800,https://img1.kakaocdn.net/thumb/C320x320@2x.fwebp.q82/?fname=https%3A%2F%2Fst.kakaocdn.net%2Fproduct%2Fgift%2Fproduct%2F20250925173444_8a435e8dc72245309fd7dc960634e8a1.jpg,54
355,Kakao Gift,"""맛있는 비타민 젤리"" [벨리곰 PICK] 엔젯오리진 비타민 구미 모음전 택1(멀티/귤젤리/엘더베리/비타민B/비타민D/석류콜라겐구미)",엔젯오리진,12900.0,12900,https://img1.kakaocdn.net/thumb/C320x320@2x.fwebp.q82/?fname=https%3A%2F%2Fst.kakaocdn.net%2Fproduct%2Fgift%2Fproduct%2F20250916094732_c331d89be2f14515a3e4c883c51038a8.jpg,55
356,Kakao Gift,"""본품+2병증정"" GNM 올인원 이뮨 액상 종합비타민 3박스 (총 21+2병) / 멀티비타민 이뮨비타민 부모님 직장인 선물",GNM자연의품격,50000.0,50000,https://img1.kakaocdn.net/thumb/C320x320@2x.fwebp.q82/?fname=https%3A%2F%2Fst.kakaocdn.net%2Fproduct%2Fgift%2Fproduct%2F20250623101059_21e781fa32cf477a82ac4dcefd8e30a0.jpg,56
357,Kakao Gift,"""보자기포장"" [정관장] 홍삼정에브리타임 리미티드 보자기 (10ml x 30포) _ 대한민국 명품 홍삼",정관장(LuX),143000.0,133000,https://img1.kakaocdn.net/thumb/C320x320@2x.fwebp.q82/?fname=https%3A%2F%2Fst.kakaocdn.net%2Fproduct%2Fgift%2Fproduct%2F20240201164505_e44e490e3a0344f7a788d3dd9063cc46.jpg,57
358,Kakao Gift,"""지금은 힘낼시간"" [4개월분] GNM 건강한 간 밀크씨슬 선물세트 1박스 / 실리마린 비타민B 부모님 직장인 수험생 선물",GNM자연의품격,21900.0,21900,https://img1.kakaocdn.net/thumb/C320x320@2x.fwebp.q82/?fname=https%3A%2F%2Fst.kakaocdn.net%2Fproduct%2Fgift%2Fproduct%2F20250630084421_a5103ea85e9e47e1993b0d603a1bfd0a.jpg,58
359,Kakao Gift,"""명품 원료"" 고려은단 메가도스 이뮨샷 10개입 X 2개 (20개입)",고려은단,35900.0,35900,https://img1.kakaocdn.net/thumb/C320x320@2x.fwebp.q82/?fname=https%3A%2F%2Fst.kakaocdn.net%2Fproduct%2Fgift%2Fproduct%2F20250812090142_ae33c76876944ccf8571a0c3f26d8558.jpg,59
360,Kakao Gift,"""한국인 맞춤 비타민"" 옵티젠 이뮨 멀티비타민&미네랄 or 바이탈 밀크씨슬 & 비타민(B,C,D,E)/10입 x 2박스 (+GIFT패키지)",옵티젠,57900.0,57900,https://img1.kakaocdn.net/thumb/C320x320@2x.fwebp.q82/?fname=https%3A%2F%2Fst.kakaocdn.net%2Fproduct%2Fgift%2Fproduct%2F20250919183359_b0ab4bb935544fc6ba5310e172c26ae6.jpg,60
361,Kakao Gift,[정관장] 활기력 (20ml X 16병),정관장,46000.0,39000,https://img1.kakaocdn.net/thumb/C320x320@2x.fwebp.q82/?fname=https%3A%2F%2Fst.kakaocdn.net%2Fproduct%2Fgift%2Fproduct%2F20250707082039_d53771c4b2b9472ba03b429566051d4a.jpg,61
362,Kakao Gift,[정관장] 에브리타임 레귤러 Health Wish 에디션 (10ml x 66포),정관장,116500.0,116500,https://img1.kakaocdn.net/thumb/C320x320@2x.fwebp.q82/?fname=https%3A%2F%2Fst.kakaocdn.net%2Fproduct%2Fgift%2Fproduct%2F20250904084753_74b6be8a162e4e75b4d64e0ee1afb9bf.jpg,62
363,Kakao Gift,"""홍삼앰플+비타민9병"" 농협 한삼인 멀티비타G 이뮨샷 (7+2입)+감사카드+키링증정+리뷰 스벅쿠폰/홍삼+멀티비타민+미네랄 20종/직장인 수험생 선물",농협-한삼인,21900.0,21900,https://img1.kakaocdn.net/thumb/C320x320@2x.fwebp.q82/?fname=https%3A%2F%2Fst.kakaocdn.net%2Fproduct%2Fgift%2Fproduct%2F20250919102239_fa59434a7b564adc952f22c342175d86.jpg,63
364,Kakao Gift,"""명품비타민8병"" 동국제약 마이핏V 이뮨 멀티비타민 8병+기프트백+홍삼스틱 증정",동국제약,21900.0,21900,https://img1.kakaocdn.net/thumb/C320x320@2x.fwebp.q82/?fname=https%3A%2F%2Fst.kakaocdn.net%2Fproduct%2Fgift%2Fproduct%2F20250725161444_bc445effd6ac4cb49ed4f747f960e117.jpg,64
365,Kakao Gift,"""에너지 선물추천"" [단독] 아임비타 멀티비타민 이뮨샷 20입 / 에너지 유니버스 에디션",종근당건강,0.0,0,,65
366,Kakao Gift,"""피부를 위한 선물"" 퓨어마스터 피부엔 석류 콜라겐 플러스 20ml 20병_보자기 포장",퓨어마스터,24500.0,24500,https://img1.kakaocdn.net/thumb/C320x320@2x.fwebp.q82/?fname=https%3A%2F%2Fst.kakaocdn.net%2Fproduct%2Fgift%2Fproduct%2F20250922135740_f26c9aa7416b423c8f09ee03b19dfc09.jpg,66
367,Kakao Gift,[카카오 단독 추석 패키지 증정] 센트룸 멀티비타민 2종 선택 (맨/우먼/칼슘/비타민B 옵션),센트룸,54000.0,48000,https://img1.kakaocdn.net/thumb/C320x320@2x.fwebp.q82/?fname=https%3A%2F%2Fst.kakaocdn.net%2Fproduct%2Fgift%2Fproduct%2F20250912110417_a65b5f6f138a41a0a8064009d5fca28e.jpg,67
368,Kakao Gift,"""비타민C+D"" 고려은단 비타민C 1000 이지+비타민D 120정",고려은단,12000.0,12000,https://img1.kakaocdn.net/thumb/C320x320@2x.fwebp.q82/?fname=https%3A%2F%2Fst.kakaocdn.net%2Fproduct%2Fgift%2Fproduct%2F20250512144404_1992df57faec473fbc05f63fd09ebf09.jpg,68
369,Kakao Gift,"""지삼(地蔘)"" [정관장] 에브리타임 리미티드 (10ml x 50포) _ 대한민국 명품 홍삼",정관장(LuX),213000.0,193000,https://img1.kakaocdn.net/thumb/C320x320@2x.fwebp.q82/?fname=https%3A%2F%2Fst.kakaocdn.net%2Fproduct%2Fgift%2Fproduct%2F20250911101617_06d8dcab3c4d48f786bb2ce9d95211f4.jpg,69
370,Kakao Gift,"[추천GIFT] ""면역력과 피로개선"" 6년근 홍삼정 에버타임 스탠다드 홍삼 스틱 30포 (원통) (+키링)",려원담,18900.0,18900,https://img1.kakaocdn.net/thumb/C320x320@2x.fwebp.q82/?fname=https%3A%2F%2Fst.kakaocdn.net%2Fproduct%2Fgift%2Fproduct%2F20250925173722_cfb2ac1143d6416db4984bfabddbf57b.jpg,70
371,Kakao Gift,원기담 천종산삼배양근 기프트박스 20ml*20입_전용 보자기 포장,원기담,37800.0,37800,https://img1.kakaocdn.net/thumb/C320x320@2x.fwebp.q82/?fname=https%3A%2F%2Fst.kakaocdn.net%2Fproduct%2Fgift%2Fproduct%2F20250922135719_c86740b0e510476daa9284b3b067d9e2.jpg,71
372,Kakao Gift,"""캐나다명품비타민젤리"" 허벌랜드 5종(면역부스트/멀티비타민/고함량 비타민D/눈건강 루테인/고함량 비오틴) 맛있는 식물성구미비타민젤리 택1",허벌랜드,14900.0,14900,https://img1.kakaocdn.net/thumb/C320x320@2x.fwebp.q82/?fname=https%3A%2F%2Fst.kakaocdn.net%2Fproduct%2Fgift%2Fproduct%2F20250923091629_e34e0bb00de0435c8d2344eea3b4a4d8.jpg,72
373,Kakao Gift,"""복숭아 비타민 젤리"" 맛있는 복숭아 비타민C&D 구미 기획전 (멀티비타민,비오틴,비타민D 등)",닥터브라이언,15900.0,15900,https://img1.kakaocdn.net/thumb/C320x320@2x.fwebp.q82/?fname=https%3A%2F%2Fst.kakaocdn.net%2Fproduct%2Fgift%2Fproduct%2F20250918164133_a57135693a9645b6bcf730f4d3456aee.jpg,73
374,Kakao Gift,종근당 황제 침향단 30환 1세트 녹용 홍삼 인도네시아 침향환,종근당,36800.0,36800,https://img1.kakaocdn.net/thumb/C320x320@2x.fwebp.q82/?fname=https%3A%2F%2Fst.kakaocdn.net%2Fproduct%2Fgift%2Fproduct%2F20250717163117_e2cb01410ed04ff8b28aab4d70ad3e03.jpg,74
375,Kakao Gift,"""비타민케이크 16병"" 동국제약 마이핏V 멀티비타민 이뮨 8개입 2박스 16병 선물세트 + 홍삼스틱 증정",동국제약,37900.0,37900,https://img1.kakaocdn.net/thumb/C320x320@2x.fwebp.q82/?fname=https%3A%2F%2Fst.kakaocdn.net%2Fproduct%2Fgift%2Fproduct%2F20250820144121_bbb6c9e2c3354418a67ffd240509f47d.jpg,75
376,Kakao Gift,"""몸에 좋은"" 설혜담 프로폴리스 담은 배도라지스틱 30포/호주 프로폴리스 국산 배즙",설혜담,18900.0,16900,https://img1.kakaocdn.net/thumb/C320x320@2x.fwebp.q82/?fname=https%3A%2F%2Fst.kakaocdn.net%2Fproduct%2Fgift%2Fproduct%2F20250915103526_512a036ff87e407290ddf4039e1cdcd5.jpg,76
377,Kakao Gift,"[산속의삼]100%국내산 ""건강 듬뿍""6년근 실속형 산삼 10뿌리(+추석선물포장)행사/당일 산지배송 산양산삼",인삼/홍삼,60000.0,50000,https://img1.kakaocdn.net/thumb/C320x320@2x.fwebp.q82/?fname=https%3A%2F%2Fst.kakaocdn.net%2Fproduct%2Fgift%2Fproduct%2F20250919182402_d86a497f53b14758b09fc7d48c33af19.png,77
378,Kakao Gift,"""대한민국1등 유산균"" 종근당건강 락토핏 코어 선물세트 1박스(3개월분) /유산균은 역시 락토핏!",종근당건강,28900.0,28900,https://img1.kakaocdn.net/thumb/C320x320@2x.fwebp.q82/?fname=https%3A%2F%2Fst.kakaocdn.net%2Fproduct%2Fgift%2Fproduct%2F20240531165353_921cd449c5c342459411a8d1545240e3.jpg,78
379,Kakao Gift,"""3대째 대를 이어온"" 지리산 모향골 자연 벌꿀스틱 선물세트 10g x 30포 (아카시아꿀 야생화꿀 밤꿀 각10포) 쇼핑백포함",꿀,31900.0,31900,https://img1.kakaocdn.net/thumb/C320x320@2x.fwebp.q82/?fname=https%3A%2F%2Fst.kakaocdn.net%2Fproduct%2Fgift%2Fproduct%2F20231203151643_5bc8757e5a554866bf1611bc8e40a3d3.jpg,79
380,Kakao Gift,"""빛나는피부선물♥"" [단독패키지+메시지카드]에버콜라겐 타임비오틴 업 30포(1개월) (콜라겐&비오틴&아연)",에버콜라겐,26000.0,26000,https://img1.kakaocdn.net/thumb/C320x320@2x.fwebp.q82/?fname=https%3A%2F%2Fst.kakaocdn.net%2Fproduct%2Fgift%2Fproduct%2F20250915103011_c0c1d242595c41b38e6c0c5c1d03850a.jpg,80
381,Kakao Gift,"""고함량 비타민C"" 퍼니트 메가 바이탈 비타민C 3000 90포 + 쇼핑백",퍼니트,15900.0,15900,https://img1.kakaocdn.net/thumb/C320x320@2x.fwebp.q82/?fname=https%3A%2F%2Fst.kakaocdn.net%2Fproduct%2Fgift%2Fproduct%2F20250723173101_336fc50267f7436a976a471dea864b71.jpg,81
382,Kakao Gift,"""원조 한팩비타민"" 트루바이타민 1박스(1개월분) 고함량 비타민 부모님 수험생 직장인 선물 활력충전 프리미엄 멀티비타민",덴프스,25000.0,25000,https://img1.kakaocdn.net/thumb/C320x320@2x.fwebp.q82/?fname=https%3A%2F%2Fst.kakaocdn.net%2Fproduct%2Fgift%2Fproduct%2F20250829111205_92f3f90523f04d8f9f7cece37e664d68.jpg,82
383,Kakao Gift,[정관장] 화애락 이너제틱 (15g x 60포)_NEW + Lab 트라이얼키트,정관장,78000.0,78000,https://img1.kakaocdn.net/thumb/C320x320@2x.fwebp.q82/?fname=https%3A%2F%2Fst.kakaocdn.net%2Fproduct%2Fgift%2Fproduct%2F20240510112846_ba1ff544fd074aefb299bd2bd83b2ece.jpg,83
384,Kakao Gift,[정관장] 선물세트 다보록 감사휘편,정관장,53000.0,47600,https://img1.kakaocdn.net/thumb/C320x320@2x.fwebp.q82/?fname=https%3A%2F%2Fst.kakaocdn.net%2Fproduct%2Fgift%2Fproduct%2F20240131190940_27c19106e8ba43129d4bb9a00385eb9e.jpg,84
385,Kakao Gift,"""간 건강 면역기능"" 밀크씨슬 이뮨 멀티비타민 1박스 간건강 피로개선 마시는 액상 종합 비타민 직장인 건강",종근당,21400.0,21400,https://img1.kakaocdn.net/thumb/C320x320@2x.fwebp.q82/?fname=https%3A%2F%2Fst.kakaocdn.net%2Fproduct%2Fgift%2Fproduct%2F20250805162503_62cd2fa85ab94c1fa7ea82eb7cd42dae.jpg,85
386,Kakao Gift,"""올인원 종합비타민"" 이뮨 멀티비타민 24+1입 액상 종합 비타민 수험생 직장인 부모님 건강+쇼핑백",종근당,58600.0,58600,https://img1.kakaocdn.net/thumb/C320x320@2x.fwebp.q82/?fname=https%3A%2F%2Fst.kakaocdn.net%2Fproduct%2Fgift%2Fproduct%2F20250804083017_fa05b36463fe492daf301ace39c8de43.jpg,86
387,Kakao Gift,"""리본포장"" [정관장] 홍삼정 에브리타임 리본 (10ml x 30포) _ 대한민국 명품 홍삼",정관장,97000.0,97000,https://img1.kakaocdn.net/thumb/C320x320@2x.fwebp.q82/?fname=https%3A%2F%2Fst.kakaocdn.net%2Fproduct%2Fgift%2Fproduct%2F20250211131709_3d153f7942f8467f817e6709484afb2c.jpg,87
388,Kakao Gift,"""보자기포장"" [정관장] 홍삼진본 보자기 (40ml x 30포)",정관장,61600.0,61600,https://img1.kakaocdn.net/thumb/C320x320@2x.fwebp.q82/?fname=https%3A%2F%2Fst.kakaocdn.net%2Fproduct%2Fgift%2Fproduct%2F20250214140912_18b2b8f52d25400c87effeb41808aef2.jpg,88
389,Kakao Gift,[기프트박스] 이뮨 올인원 종합 멀티비타민 21병 (14병 1박스+7병 1박스),순수식품,28900.0,28900,https://img1.kakaocdn.net/thumb/C320x320@2x.fwebp.q82/?fname=https%3A%2F%2Fst.kakaocdn.net%2Fproduct%2Fgift%2Fproduct%2F20250902151214_0bf0b86e2dda48539f044d7106900b00.jpg,89
390,Kakao Gift,"""칼마디 뼈건강 선물"" 종근당 칼슘 마그네슘 비타민D 아연 180정 1박스(3개월분)",종근당,14900.0,14900,https://img1.kakaocdn.net/thumb/C320x320@2x.fwebp.q82/?fname=https%3A%2F%2Fst.kakaocdn.net%2Fproduct%2Fgift%2Fproduct%2F20250923112306_13bca4abf1f5406188ab74670860a10e.jpg,90
391,Kakao Gift,"""1등 비타민C"" 고려은단 비타민C 1000 300정 (10개월분)",고려은단,30000.0,30000,https://img1.kakaocdn.net/thumb/C320x320@2x.fwebp.q82/?fname=https%3A%2F%2Fst.kakaocdn.net%2Fproduct%2Fgift%2Fproduct%2F20250812085838_d4d5f4f3458549b4a2210937f1e8792a.jpg,91
392,Kakao Gift,"""⭐만족도100%⭐"" [부모님선물/생일추천] 오니스트 스페셜 기프트 에디션 / 트리플콜라겐 & 트리플샤인 중 택 1",오니스트,36900.0,36900,https://img1.kakaocdn.net/thumb/C320x320@2x.fwebp.q82/?fname=https%3A%2F%2Fst.kakaocdn.net%2Fproduct%2Fgift%2Fproduct%2F20250314115737_e30180d94bfe493db9ebabcf96c3cad9.jpg,92
393,Kakao Gift,"""대한민국1등 유산균"" [단독/쇼핑백]종근당건강 락토핏 골드 선물세트(3개월분)/유산균은 역시 락토핏!",종근당건강,22900.0,22900,https://img1.kakaocdn.net/thumb/C320x320@2x.fwebp.q82/?fname=https%3A%2F%2Fst.kakaocdn.net%2Fproduct%2Fgift%2Fproduct%2F20250415162603_be240de208534c80b040f6782346adf6.jpg,93
394,Kakao Gift,"""간건강+스트레스 피로개선"" 옵티젠 바이탈 밀크씨슬 & 비타민(B,C,D,E) 10입 x 2박스 (+GIFT패키지)",옵티젠,57900.0,57900,https://img1.kakaocdn.net/thumb/C320x320@2x.fwebp.q82/?fname=https%3A%2F%2Fst.kakaocdn.net%2Fproduct%2Fgift%2Fproduct%2F20250919183522_6023aa068deb4a52a26290b84984cd31.jpg,94
395,Kakao Gift,센트룸 맛있는 멀티 비타민 미네랄 구미 (80구미) x 2통,센트룸,44000.0,44000,https://img1.kakaocdn.net/thumb/C320x320@2x.fwebp.q82/?fname=https%3A%2F%2Fst.kakaocdn.net%2Fproduct%2Fgift%2Fproduct%2F20250818104032_dd12423f384444c5bd85e96c7fb6341d.jpg,95
396,Kakao Gift,"""샤인머스켓맛 비타민"" [120구미/비타민젤리] GNM 행운충전 멀티비타민 구미 선물세트 총 2개월분",GNM자연의품격,21900.0,21900,https://img1.kakaocdn.net/thumb/C320x320@2x.fwebp.q82/?fname=https%3A%2F%2Fst.kakaocdn.net%2Fproduct%2Fgift%2Fproduct%2F20250811151832_2efd6c7399944ca391d8c1e3ce36982c.jpg,96
397,Kakao Gift,"""명품 원료"" 고려은단 메가도스 이뮨샷 10개입 X 3개 (30개입)",고려은단,52900.0,52900,https://img1.kakaocdn.net/thumb/C320x320@2x.fwebp.q82/?fname=https%3A%2F%2Fst.kakaocdn.net%2Fproduct%2Fgift%2Fproduct%2F20250812090330_909ecac282ef44b89cb4be1972a6f393.jpg,97
398,Kakao Gift,"""미국에서온명품비타민"" GNC 멀티비타민 + 밀크씨슬 선물세트 + 리미티드 패키지",GNC,29900.0,29900,https://img1.kakaocdn.net/thumb/C320x320@2x.fwebp.q82/?fname=https%3A%2F%2Fst.kakaocdn.net%2Fproduct%2Fgift%2Fproduct%2F20250912104133_868ed5e3af97475a8e380a1e37d8da89.jpg,98
399,Kakao Gift,"""비타민 파워 선물!"" 춘식이 파워 이뮨 멀티비타민 & 미네랄 7입/ 생일 응원 가벼운선물",설혜담,21900.0,21900,https://img1.kakaocdn.net/thumb/C320x320@2x.fwebp.q82/?fname=https%3A%2F%2Fst.kakaocdn.net%2Fproduct%2Fgift%2Fproduct%2F20250915103735_956ecbdc79cb4c6ba7ed83eb67076a20.jpg,99
400,Kakao Gift,"""한국인 명품 비타민"" 올인원 이뮨 멀티비타민 7+2입 종합 액상 비타민 수험생 직장인 부모님 건강",메디트리,19900.0,19900,https://img1.kakaocdn.net/thumb/C320x320@2x.fwebp.q82/?fname=https%3A%2F%2Fst.kakaocdn.net%2Fproduct%2Fgift%2Fproduct%2F20250623133117_484d3fb92e3e452aaf71eb2ac58d3a8c.jpg,100
